psoda,pfries,pentree,wagest,nmgrs,nregs,hrsopen,emp,psoda2,pfries2,pentree2,wagest2,nmgrs2,nregs2,hrsopen2,emp2,compown,chain,density,crmrte,state,prpblck,prppov,prpncar,hseval,nstores,income,county,lpsoda,lpfries,lhseval,lincome,ldensity,NJ,BK,KFC,RR
1.12,1.06,1.02,4.25,3,5,16,27.5,1.11,1.11,1.05,5.05,5,5,15,27,1,3,4030,0.0528866,1,0.1711542,0.0365789,0.0788428,148300,3,44534,18,0.1133287,0.0582689,11.90699,10.70401,8.301521,1,0,0,1
1.06,0.91,0.95,4.75,3,3,16.5,21.5,1.05,0.89,0.95,5.05,4,3,17.5,24.5,0,1,4030,0.0528866,1,0.1711542,0.0365789,0.0788428,148300,3,44534,18,0.0582689,-0.0943106,11.90699,10.70401,8.301521,1,1,0,0
1.06,0.91,0.98,4.25,3,5,18,30,1.05,0.94,0.98,5.05,4,5,17.5,25,0,1,11400,0.0360003,1,0.0473602,0.0879072,0.2694298,169200,3,41164,12,0.0582689,-0.0943106,12.03884,10.62532,9.341369,1,1,0,0
1.12,1.02,1.06,5,4,5,16,27.5,1.15,1.05,1.05,5.05,4,5,16,,0,3,8345,0.0484232,1,0.0528394,0.0591227,0.1366903,171600,3,50366,10,0.1133287,0.0198026,12.05292,10.82707,9.029418,1,0,0,1
1.12,,0.49,5,3,3,16,5,1.04,1.01,0.58,5.05,3,3,16,12,0,1,720,0.061589,1,0.03448,0.0254145,0.073802,249100,1,72287,10,0.1133287,,12.42561,11.1884,6.579251,1,1,0,0
1.06,0.95,1.01,4.25,4,4,15,17.5,1.05,0.94,1,5.05,3,4,15,28,0,1,4424,0.0334823,1,0.0591327,0.0835001,0.1151341,148000,2,44515,18,0.0582689,-0.0512933,11.90497,10.70358,8.394799,1,1,0,0
1.17,0.95,0.95,4.65,3,2,16,22.5,1.05,0.94,0.94,5.05,3,2,16,18.5,0,1,2678,0.0310296,1,0.0186773,0.0292349,0.0501854,212700,1,62056,10,0.1570037,-0.0512933,12.26764,11.03579,7.892826,1,1,0,0
1.17,1.02,1.06,4.5,3,5,17,18.5,1.11,1.06,1.05,5.05,3,5,16,17,1,3,6405,0.0419001,1,0.004906,0.0337599,0.0827105,198800,1,53655,24,0.1570037,0.0198026,12.20005,10.89033,8.764834,1,0,0,1
1.18,1.02,1.06,,4,4,17,17,1.1,1.01,0.99,5.05,4,4,18,34,0,1,18388,0.0945454,1,0.9210559,0.2036816,0.391949,103800,5,31314,10,0.1655144,0.0198026,11.55022,10.35182,9.819453,1,1,0,0
1.17,1.12,1.02,4.25,3,5,18,27,1.11,1.12,1.05,5.05,6,5,17,22,1,3,18388,0.0945454,1,0.9210559,0.2036816,0.391949,103800,5,31314,10,0.1570037,0.1133287,11.55022,10.35182,9.819453,1,0,0,1
1.06,1.02,2.34,4.75,3,5,12,11,1.05,1.05,2.32,5.05,5,5,12,32.5,1,2,18388,0.0945454,1,0.9210559,0.2036816,0.391949,103800,5,31314,10,0.0582689,0.0198026,11.55022,10.35182,9.819453,1,0,1,0
1.06,1.05,1.06,4.5,4,2,15.5,20,1.11,1.09,2.07,5.05,4,2,15.5,20,0,4,18388,0.0945454,1,0.9210559,0.2036816,0.391949,103800,5,31314,10,0.0582689,0.0487901,11.55022,10.35182,9.819453,1,0,0,0
1.05,0.95,2.74,4.25,3,5,13.5,17,1.05,0.84,2.32,5.05,2,5,12.5,9.5,0,2,11401,0.14823,1,0.9210559,0.2036816,0.391949,103800,5,31314,10,0.0487901,-0.0512933,11.55022,10.35182,9.341456,1,0,1,0
1.17,1.06,1.17,4.35,4,,15,7.5,,,,,0,,,0,1,1,12627,0.0304465,1,0.0139109,0.0845399,0.2272727,191300,1,38569,2,0.1570037,0.0582689,12.1616,10.5602,9.443593,1,1,0,0
1.15,0.95,0.95,4.5,2,2,16,8,1.16,1.01,1.05,5.05,2,2,16,8,0,1,12799,0.0375348,1,0.0102124,0.0598162,0.1416858,282800,2,60657,2,0.1397619,-0.0512933,12.5525,11.01299,9.457122,1,1,0,0
1.27,1.17,1.1,5,4,4,16.5,20,1.37,1.16,1.16,5.05,5,4,16.5,22.5,0,1,12799,0.0375348,1,0.0102124,0.0598162,0.1416858,282800,2,60657,2,0.2390169,0.1570037,12.5525,11.01299,9.457122,1,1,0,0
1.06,0.91,0.98,5.56,4,5,16,37.5,1.01,0.94,0.94,5.05,4,5,16,20,0,1,6039,0.031701,1,0.0060904,0.0386507,0.0757396,167700,2,47891,28,0.0582689,-0.0943106,12.02993,10.77668,8.705994,1,1,0,0
1.06,0.98,1.06,4.62,3,2,12.5,16.5,1.05,0.89,2.11,5.14,3,2,12.5,22,0,4,11187,0.0508752,1,0.0035406,0.1118771,0.2258587,138000,1,36705,12,0.0582689,-0.0202027,11.83501,10.51067,9.322508,1,0,0,0
1.06,0.91,0.98,4.25,5,4,16,24,1.05,0.9,1.04,5.05,4,4,16,19,0,1,3750,0.0607903,1,0.0104519,0.0608489,0.1745955,166500,1,43022,12,0.0582689,-0.0943106,12.02275,10.66947,8.229511,1,1,0,0
1.2,1.02,1.02,5.5,3,5,13.5,19,1.11,1.11,1.05,5.05,4,5,13,14,0,3,1901,0.034011,1,0.0073866,0.0135908,0.0190736,245400,3,79025,10,0.1823216,0.0198026,12.41064,11.27752,7.550135,1,0,0,1
0.95,0.95,1.06,4.5,3,4,13.5,23,1.01,0.94,0.94,5.5,3,4,13.5,27.5,0,1,1901,0.034011,1,0.0073866,0.0135908,0.0190736,245400,3,79025,10,-0.0512933,-0.0512933,12.41064,11.27752,7.550135,1,1,0,0
1.11,0.95,1.01,4.25,4,2,16,17.5,0.94,0.94,1,5.05,4,2,15.5,17.5,0,1,5413,0.0518659,1,0.120063,0.0322987,0.0735369,198800,1,65296,10,0.10436,-0.0512933,12.20005,11.08669,8.596559,1,1,0,0
1.02,1.02,0.95,,3,3,16,,0.9,0.95,0.95,5.05,4,3,16,19,0,1,6085,0.0554746,1,0.4336102,0.0765275,0.150848,245900,1,56893,10,0.0198026,0.0198026,12.41268,10.94893,8.713582,1,1,0,0
1.06,0.98,1.06,5,3,,14,17,1.11,1.09,2.07,5.05,6,,12.5,17.5,0,4,8966,0.0527327,1,0.022127,0.0927505,0.2365868,173500,3,40719,12,0.0582689,-0.0202027,12.06393,10.61445,9.101195,1,0,0,0
1.27,1.01,1.06,4.25,4,3,17,21,1.37,1.02,1.05,5.05,5,3,17,23,0,1,8966,0.0527327,1,0.022127,0.0927505,0.2365868,173500,3,40719,12,0.2390169,0.0099503,12.06393,10.61445,9.101195,1,1,0,0
1.17,0.95,0.85,4.75,6,2,16,16,1.37,0.95,2.03,5.05,6,2,16,17,0,4,13602,0.1087385,1,0.6963651,0.1611239,0.2604226,119300,1,33306,10,0.1570037,-0.0512933,11.6894,10.41349,9.517972,1,0,0,0
1.18,1.02,1.06,5.1,3,6,17,32.5,1.1,1,1.05,5.05,3,6,17,22.5,1,3,3232,0.0463903,1,0.0557306,0.0403421,0.0751378,201600,2,59266,10,0.1655144,0.0198026,12.21404,10.98979,8.080856,1,0,0,1
1.06,0.95,0.95,4.75,3,3,16,21,1.05,0.95,0.95,5.05,4,3,15,23,0,1,3232,0.0463903,1,0.0557306,0.0403421,0.0751378,201600,2,59266,10,0.0582689,-0.0512933,12.21404,10.98979,8.080856,1,1,0,0
1.17,0.95,1.02,5.12,4,3,15,42.5,1.16,0.94,0.94,5.05,5,3,15,18.75,0,1,1995,0.0288791,1,0.0323523,0.026696,0.0639248,218600,3,57424,21,0.1570037,-0.0512933,12.295,10.95822,7.598399,1,1,0,0
1.06,0.89,1.06,5,3,2,12.5,25,1.05,0.98,1.05,5.05,4,2,12.5,18.5,0,4,1995,0.0288791,1,0.0323523,0.026696,0.0639248,218600,3,57424,21,0.0582689,-0.1165338,12.295,10.95822,7.598399,1,0,0,0
1.12,1.02,1.06,5,4,7,17,20.5,1.11,1.06,1.05,5.05,4,7,17,32,1,3,1995,0.0288791,1,0.0323523,0.026696,0.0639248,218600,3,57424,21,0.1133287,0.0198026,12.295,10.95822,7.598399,1,0,0,1
1.1,0.97,1.17,4.25,,4,18,29,1.11,1.01,1.09,5.05,4,4,18,20,1,1,18138,0.0672456,1,0.2046583,0.1691744,0.304244,163000,2,30877,24,0.0953102,-0.0304592,12.00151,10.33777,9.805764,1,1,0,0
1.1,1.02,1.06,5.25,3,6,17,30,1.11,1.06,1.05,5.05,3,6,16,17,1,3,822,0.0205128,1,0.0050961,0.0085349,0.0102362,292400,1,82797,21,0.0953102,0.0198026,12.58588,11.32415,6.71174,1,0,0,1
1.06,1.01,2.56,4.5,2,3,11,3.5,1.05,1.05,2.64,5.05,3,3,11,6.5,0,2,7761,0.0759336,1,0.3598951,0.0931701,0.1330847,175600,5,47738,28,0.0582689,0.0099503,12.07596,10.77348,8.956866,1,0,1,0
1.06,1.17,2.56,4.5,1,3,10,7,,1.05,2.64,,3,3,10,7,0,2,6970,0.0730606,1,0.3598951,0.0931701,0.1330847,175600,5,47738,26,0.0582689,0.1570037,12.07596,10.77348,8.849371,1,0,1,0
1.12,1.02,1.06,4.95,3,5,11.5,12.5,1.22,1.11,0.73,5.05,3,5,11.5,14.5,1,3,6970,0.0730606,1,0.3598951,0.0931701,0.1330847,175600,5,47738,26,0.1133287,0.0198026,12.07596,10.77348,8.849371,1,0,0,1
0.96,0.95,2.13,4.5,4,2,11.5,28.25,1.03,,,5.05,3,2,11.5,22,0,4,7761,0.0759336,1,0.636803,0.0816689,0.1053588,142300,1,48209,28,-0.040822,-0.0512933,11.86569,10.7833,8.956866,1,0,0,0
1.12,1,1.02,4.35,3,5,17,27.5,1.05,1.05,1.05,5.05,3,5,16,29.5,1,3,3229,0.0203021,1,0.0048807,0.0182062,0.0475192,196500,3,53961,28,0.1133287,0,12.18842,10.89602,8.079927,1,0,0,1
1.06,0.95,1.01,5.3,4,3,16,13,1.05,0.94,1,5.05,6,3,16,8.5,1,1,3229,0.0203021,1,0.0048807,0.0182062,0.0475192,196500,3,53961,28,0.0582689,-0.0512933,12.18842,10.89602,8.079927,1,1,0,0
1.1,0.96,1.1,5,4,6,18.5,14,1.05,0.99,1.03,5.05,4,6,19,27.5,1,1,6842,0.0252389,1,0.0319843,0.0367507,0.0947038,209100,2,55878,2,0.0953102,-0.040822,12.25057,10.93093,8.830835,1,1,0,0
1.18,1.07,1.17,5,4,6,19,31,1.06,1.06,1.05,5.05,3,6,19,34,0,3,6842,0.0252389,1,0.0319843,0.0367507,0.0947038,209100,2,55878,2,0.1655144,0.0676587,12.25057,10.93093,8.830835,1,0,0,1
1.09,1.12,1.06,5.05,,4,18,28.5,1.11,1.06,1.05,5.05,3,4,16,22.5,1,3,3885,0.0450115,1,0.0046135,0.038405,0.1214642,174600,1,47113,2,0.0861777,0.1133287,12.07025,10.7603,8.264878,1,0,0,1
1.01,0.95,1.03,5,4,6,15.5,20,1.1,0.94,1.02,5.05,4,6,15.5,25.5,1,1,1687,0.0507632,1,0.0032339,0.023415,0.0392157,186800,1,41196,2,0.0099503,-0.0512933,12.13779,10.6261,7.430707,1,1,0,0
1.12,1.02,1.06,4.5,3,4,11.5,20.25,1.22,1.11,2.28,5.05,3,4,11.5,14.5,0,3,2300,0.0231569,1,0.131472,0.0182582,0.0390742,205000,2,62927,28,0.1133287,0.0198026,12.23077,11.04973,7.740664,1,0,0,1
1.07,1.02,0.74,4.5,3,6,16.5,19.5,1.11,1.06,1.05,5.05,3,6,15.5,18,1,3,1863,0.0380032,1,0.0131481,0.0155316,0.0197224,473400,1,136529,10,0.0676587,0.0198026,13.0677,11.82429,7.529943,1,0,0,1
1.06,0.95,0.95,4.5,3,3,16,12.5,1.05,0.94,0.94,5.05,3,3,16.5,21,0,1,2499,0.0536385,1,0.0668875,0.0278037,0.0266369,161300,3,54216,18,0.0582689,-0.0512933,11.99102,10.90073,7.823646,1,1,0,0
1.02,1.07,0.95,5,4,4,17,22,1.11,1.06,1.05,5.05,5,4,17,11.5,0,3,2499,0.0536385,1,0.0668875,0.0278037,0.0266369,161300,3,54216,18,0.0198026,0.0676587,11.99102,10.90073,7.823646,1,0,0,1
1.02,0.95,1.04,4.25,1,4,16,13.5,1.11,1.11,1.03,5.05,3,4,15,,0,1,2581,0.0302534,1,0.0318239,0.0257156,0.0709232,216500,1,58339,5,0.0198026,-0.0512933,12.28535,10.97403,7.855932,1,1,0,0
1.06,0.85,2.34,5,5,3,10.5,14,0.94,0.84,2.32,5.05,1,3,10.5,5.5,1,2,5558,0.0644691,1,0.0362969,0.0334931,0.1021236,176800,4,50968,12,0.0582689,-0.1625189,12.08277,10.83895,8.622993,1,0,1,0
1.02,,1.06,,3,,17,22.5,1.11,1.05,1.05,5.05,3,,18,16,1,3,5558,0.0644691,1,0.0362969,0.0334931,0.1021236,176800,4,50968,12,0.0198026,,12.08277,10.83895,8.622993,1,0,0,1
1.06,0.95,0.95,4.75,3,3,16.5,12.5,1.05,0.94,0.94,5.05,4,3,18,,0,1,5558,0.0644691,1,0.0362969,0.0334931,0.1021236,176800,4,50968,12,0.0582689,-0.0512933,12.08277,10.83895,8.622993,1,1,0,0
1.06,0.95,0.95,4.25,3,2,16,17.5,1.05,0.95,0.95,5.05,3,2,16,14.5,0,1,41437,0.060522,1,0.0485866,0.1676967,0.3827989,165400,3,29319,12,0.0582689,-0.0512933,12.01612,10.28599,10.63193,1,1,0,0
1.17,1.06,1.01,4.25,3,5,16,24,1.16,1.16,1,5.05,3,5,16,27.25,0,3,41437,0.060522,1,0.0485866,0.1676967,0.3827989,165400,3,29319,12,0.1570037,0.0582689,12.01612,10.28599,10.63193,1,0,0,1
1.06,1.06,2.53,5,2,2,10,8,0.94,0.92,2.69,5.05,2,2,10,5.5,0,2,4441,0.0250779,1,0.0424391,0.0165798,0.0401912,248500,1,76689,28,0.0582689,0.0582689,12.4232,11.24751,8.398635,1,0,1,0
0.96,1,1.03,4.25,4,4,16.5,20,1.05,0.99,1.16,5.05,4,4,16.5,22.5,0,1,41437,0.060522,1,0.0392887,0.1583852,0.39587,160300,3,30587,2,-0.040822,0,11.9848,10.32833,10.63193,1,1,0,0
1.17,0.95,0.95,4.25,3,4,14.5,11.5,,1.01,1,5.05,2,4,14,18.5,1,1,2424,0.0879738,1,0.0235403,0.0518435,0.1062685,210800,2,59397,12,0.1570037,-0.0512933,12.25867,10.992,7.793174,1,1,0,0
1.12,1.07,1.06,,2,6,11.5,17.25,1.21,1.01,0.94,5.05,3,6,11.5,18.5,1,3,4030,0.0528866,1,0.0422394,0.0474361,0.0859714,155300,4,48350,18,0.1133287,0.0676587,11.95311,10.78622,8.301521,1,0,0,1
,1.12,1.12,4.25,5,6,12.5,20,1.15,0.94,1.15,5.05,6,6,12.5,35,0,1,4030,0.0528866,1,0.0422394,0.0474361,0.0859714,155300,4,48350,18,,0.1133287,11.95311,10.78622,8.301521,1,1,0,0
1.06,0.95,1.06,4.25,4,2,11.5,32.5,1.01,0.89,1.26,5.05,5,2,11.5,55.5,0,4,4030,0.0528866,1,0.0422394,0.0474361,0.0859714,155300,4,48350,18,0.0582689,-0.0512933,11.95311,10.78622,8.301521,1,0,0,0
1.02,1.01,0.52,4.25,4,3,15,37.5,1.03,0.9,0.59,5.05,4,3,16,17.5,0,1,11401,0.14823,1,0.6599238,0.3292359,0.6272376,132300,3,20323,10,0.0198026,0.0099503,11.79283,9.919509,9.341456,1,1,0,0
1.06,0.85,2.34,4.75,3,5,11,6.75,1.05,0.94,2.32,5.25,4,5,14,13.5,1,2,11401,0.14823,1,0.8991615,0.4184797,0.6166425,71100,1,15919,10,0.0582689,-0.1625189,11.17184,9.675268,9.341456,1,0,1,0
1.06,0.85,2.34,4.25,4,4,11,8,1.05,0.84,2.53,5.05,2,4,11,7.5,1,2,11401,0.14823,1,0.214263,0.2703646,0.4311189,146800,3,24773,10,0.0582689,-0.1625189,11.89683,10.11751,9.341456,1,0,1,0
1.12,1.02,1.06,4.25,5,4,17,18,1.11,1.01,1.05,5.05,3,4,17,10,0,1,11401,0.14823,1,0.214263,0.2703646,0.4311189,146800,3,24773,10,0.1133287,0.0198026,11.89683,10.11751,9.341456,1,1,0,0
1.05,0.94,1.07,4.25,3,3,16,18,1.11,1.09,1,5.05,4,3,16,21.5,1,1,11401,0.14823,1,0.0627508,0.1446121,0.3051076,117600,2,32241,10,0.0487901,-0.0618754,11.67504,10.38099,9.341456,1,1,0,0
1.06,0.85,2.34,4.75,3,4,11,3.5,1.01,0.84,2.32,5.05,6,4,11,10,0,2,11401,0.14823,1,0.0627508,0.1446121,0.3051076,117600,2,32241,10,0.0582689,-0.1625189,11.67504,10.38099,9.341456,1,0,1,0
1.06,0.95,1.11,4.25,5,4,16,18,1.15,0.95,1.13,5.05,4,4,16,17.5,0,1,11401,0.14823,1,0.4554334,0.2722042,0.4581265,95400,3,24189,10,0.0582689,-0.0512933,11.46583,10.09365,9.341456,1,1,0,0
1.06,0.85,2.34,4.95,2,3,12,7,1.05,0.84,2.32,5.25,3,3,11,20.75,1,2,11401,0.14823,1,0.4554334,0.2722042,0.4581265,95400,3,24189,10,0.0582689,-0.1625189,11.46583,10.09365,9.341456,1,0,1,0
1.18,1.02,1.06,4.25,5,6,19,19.5,1.11,1.05,1.05,5.05,3,6,18,17.5,1,3,11401,0.14823,1,0.9624618,0.3279841,0.5172657,81300,1,21790,10,0.1655144,0.0198026,11.3059,9.989206,9.341456,1,0,0,1
1.12,1.02,1.02,4.25,4,6,17,24,1.11,1.06,1.05,5.05,6,6,16.5,32.5,1,3,6405,0.0419001,1,0.035449,0.0516433,0.1320658,161800,3,44883,24,0.1133287,0.0198026,11.99412,10.71181,8.764834,1,0,0,1
1.06,0.98,2.03,4.75,3,2,12.5,11,1.11,1.09,2.07,5.05,3,2,12.5,17.5,0,4,10368,0.0507702,1,0.035449,0.0516433,0.1320658,161800,3,44883,10,0.0582689,-0.0202027,11.99412,10.71181,9.246479,1,0,0,0
1.02,0.95,0.95,4.25,3,3,17,12.5,1.05,0.94,0.94,5.05,3,3,17,23.5,0,1,7970,0.0252408,1,0.0144769,0.049851,0.0874396,185300,1,51451,10,0.0198026,-0.0512933,12.12973,10.84838,8.983439,1,1,0,0
1.06,0.85,2.34,4.62,8,4,13,25,1.05,0.84,2.32,5.05,8,4,13,28.5,1,2,21792,0.1247829,1,0.6982505,0.1237119,0.2928742,116600,2,35832,10,0.0582689,-0.1625189,11.6665,10.4866,9.989298,1,0,1,0
1.06,0.85,2.34,5,2,3,11.5,7,1.05,0.84,2.32,5.05,2,3,11.5,12,1,2,9410,0.0881439,1,0.3724901,0.1934995,0.2507019,117300,3,28417,28,0.0582689,-0.1625189,11.67249,10.25474,9.149529,1,0,1,0
1.19,1.19,1.06,4.25,4,5,18,26.25,1.26,,1.05,5.2,6,5,24,37.5,1,3,9410,0.0881439,1,0.3724901,0.1934995,0.2507019,117300,3,28417,28,0.1739534,0.1739534,11.67249,10.25474,9.149529,1,0,0,1
0.91,0.91,1.94,4.25,4,2,11.5,14,0.97,0.9,2.06,5.05,3,2,11.5,14.5,0,4,9410,0.0881439,1,0.0881337,0.1346107,0.2439099,133700,2,31887,28,-0.0943106,-0.0943106,11.80335,10.36995,9.149529,1,0,0,0
1.27,1.27,2.24,4.5,3,5,17,20,1.4,1.29,1.05,5.05,4,5,24,17.5,0,3,7524,0.0487349,1,0.3865509,0.0504637,0.1348285,139500,1,46803,28,0.2390169,0.2390169,11.84582,10.7537,8.925853,1,0,0,1
1.06,0.91,0.98,4.25,3,3,16,16.5,1.05,0.94,0.98,5.05,4,3,16,30,1,1,9850,0.0254588,1,0.0067308,0.0334977,0.0735323,159800,2,50665,28,0.0582689,-0.0943106,11.98168,10.83299,9.195227,1,1,0,0
1.06,0.95,0.95,,3,3,16,17.5,1.05,0.94,0.94,5.05,3,3,16,17.5,0,1,7794,0.0788823,1,0.4058144,0.0600893,0.0990379,138500,2,46966,28,0.0582689,-0.0512933,11.83863,10.75718,8.961109,1,1,0,0
1.27,1.27,1.06,4.39,3,5,17,10,1.37,1.31,1.05,5.05,4,5,18,16,1,3,9410,0.0881439,1,0.1115545,0.1091816,0.2028275,167200,2,37367,28,0.2390169,0.2390169,12.02695,10.52854,9.149529,1,0,0,1
0.91,0.91,1.06,,4,2,11.5,15,1.01,0.95,1.05,5.05,3,2,11.5,50,0,4,9410,0.0881439,1,0.1115545,0.1091816,0.2028275,167200,2,37367,28,-0.0943106,-0.0943106,12.02695,10.52854,9.149529,1,0,0,0
1.17,0.95,0.63,4.25,4,3,19,37,1.15,0.95,0.64,5.05,4,3,19,18.5,0,1,15600,0.0897754,1,0.4766138,0.2363158,0.4307489,123400,3,29740,12,0.1570037,-0.0512933,11.72319,10.30025,9.655026,1,1,0,0
1.06,0.85,2.34,4.75,4,5,12,13,1.05,0.84,2.32,5.2,2,5,12,11.5,1,2,15600,0.0897754,1,0.4766138,0.2363158,0.4307489,123400,3,29740,12,0.0582689,-0.1625189,11.72319,10.30025,9.655026,1,0,1,0
1.19,0.94,0.85,4.62,4,5,17,28,1.06,1.06,1.05,5.05,3,5,14,21,1,3,15600,0.0897754,1,0.5331899,0.1597511,0.3240626,124600,2,35731,12,0.1739534,-0.0618754,11.73286,10.48377,9.655026,1,0,0,1
1.17,0.95,0.95,4.25,4,5,18,22,1.11,1.06,1.05,5.05,4,5,16,24.5,1,3,15600,0.0897754,1,0.5331899,0.1597511,0.3240626,124600,2,35731,12,0.1570037,-0.0512933,11.73286,10.48377,9.655026,1,0,0,1
1.06,0.95,0.95,4.5,2,4,11.5,9.5,,,,5.05,3,4,11,7,1,4,15600,0.0897754,1,0.1520273,0.2041798,0.4508839,116000,3,30577,12,0.0582689,-0.0512933,11.66135,10.328,9.655026,1,0,0,0
1.06,0.95,0.95,4.25,2,3,17,15,1.05,0.95,0.95,5.05,3,3,17,21,0,1,15600,0.0897754,1,0.1520273,0.2041798,0.4508839,116000,3,30577,12,0.0582689,-0.0512933,11.66135,10.328,9.655026,1,1,0,0
1.06,1,1.06,4.25,4,3,17.5,14.25,1.05,0.99,1.05,5.05,3,3,17.5,18.75,0,1,15600,0.0897754,1,0.0462981,0.15092,0.371198,131800,2,34443,12,0.0582689,0,11.78904,10.44706,9.655026,1,1,0,0
1.06,1.02,0.95,4.5,3,3,17,16.5,1.05,0.95,0.95,5.05,3,3,17,27,0,1,15600,0.0897754,1,0.0462981,0.15092,0.371198,131800,2,34443,12,0.0582689,0.0198026,11.78904,10.44706,9.655026,1,1,0,0
1.06,0.95,1.02,4.5,5,3,16,45,1.05,0.95,1.01,5.05,5,3,16,25,0,1,3752,0.0273268,1,0.0039605,0.0262524,0.0316048,222500,1,64818,21,0.0582689,-0.0512933,12.31268,11.07934,8.230044,1,1,0,0
1.04,1.12,1.02,4.25,3,4,16,17.5,1.19,0.98,1.01,5.05,3,4,16,17.5,0,1,1131,0.0377738,1,0.000751,0.0639788,0.0733945,128200,2,42755,27,0.0392207,0.1133287,11.76135,10.66324,7.030858,1,1,0,0
1.12,1.02,1.02,5,3,5,17,18,1.11,1.01,1.05,5.05,2,5,16,16,1,3,4034,0.0726935,1,0.0166947,0.0344314,0.0673256,190900,4,51848,24,0.1133287,0.0198026,12.1595,10.85607,8.302514,1,0,0,1
1.06,1.03,1.06,5,3,2,13.5,15.25,1.11,0.98,1.05,5.05,4,2,13.5,29,0,4,4034,0.0726935,1,0.0166947,0.0344314,0.0673256,190900,4,51848,24,0.0582689,0.0295588,12.1595,10.85607,8.302514,1,0,0,0
,,,4.25,3,3,17,23,1.16,1.22,0.41,5.05,3,3,17,22,0,1,697,0.0236247,1,0.031873,0.035029,0.025974,275900,3,64367,2,,,12.52779,11.07236,6.546785,1,1,0,0
1.27,1.04,1.12,4.87,3,7,17,17,1.26,1.08,1.05,5.05,4,7,16,27,1,3,697,0.0236247,1,0.031873,0.035029,0.025974,275900,3,64367,2,0.2390169,0.0392207,12.52779,11.07236,6.546785,1,0,0,1
1.27,1.07,2.13,4.87,4,5,17,32,1.11,1.05,1.05,5.4,3,5,16,23,1,3,4170,0.0191571,1,0,0.0361626,0.0375313,217400,2,56380,2,0.2390169,0.0676587,12.28949,10.93987,8.335671,1,0,0,1
1.06,1.02,0.95,5,4,4,16,23.5,,,,5.25,5,4,16,22,0,1,4170,0.0191571,1,0,0.0361626,0.0375313,217400,2,56380,2,0.0582689,0.0198026,12.28949,10.93987,8.335671,1,1,0,0
1.02,0.8,,5.25,4,3,15,30,1.05,0.94,1.01,5.5,4,3,15,12.5,0,1,1318,0.0130866,1,0.0115862,0.0152639,0.015613,215100,1,66569,2,0.0198026,-0.2231435,12.27886,11.10599,7.183871,1,1,0,0
1.06,0.95,0.95,4.85,3.3,3,16,25.75,,,,5.05,3,3,16,28.5,0,1,4759,0.016501,1,0.0047325,0.0277091,0.0333031,203100,1,61487,2,0.0582689,-0.0512933,12.22145,11.02658,8.467793,1,1,0,0
1.06,0.95,0.95,4.5,3,3,16,27.5,1.05,0.95,0.95,5.05,3,3,16,19.5,0,1,1889,0.0567358,1,0.0099893,0.0229062,0.0320464,241800,7,65000,24,0.0582689,-0.0512933,12.39587,11.08214,7.543803,1,1,0,0
1.06,0.98,1.06,4.25,,2,11.5,14.5,1.12,0.98,0.99,5.05,3,2,12.5,18,0,4,1889,0.0567358,1,0.0099893,0.0229062,0.0320464,241800,7,65000,24,0.0582689,-0.0202027,12.39587,11.08214,7.543803,1,0,0,0
1.06,0.98,1.06,5,3,2,12,31.5,1.11,0.98,2.07,5.05,4,2,11.5,22.5,0,4,1889,0.0567358,1,0.0099893,0.0229062,0.0320464,241800,7,65000,24,0.0582689,-0.0202027,12.39587,11.08214,7.543803,1,0,0,0
1.17,1.06,1.17,4.5,6,3,13.5,12.5,1.32,1.05,1.22,5.05,5,3,13.5,12.75,0,1,1889,0.0567358,1,0.0099893,0.0229062,0.0320464,241800,7,65000,24,0.1570037,0.0582689,12.39587,11.08214,7.543803,1,1,0,0
1.06,0.95,0.95,4.25,3,3,17,24,1.05,0.95,0.95,5.05,4,3,17,31,0,1,1889,0.0567358,1,0.0099893,0.0229062,0.0320464,241800,7,65000,24,0.0582689,-0.0512933,12.39587,11.08214,7.543803,1,1,0,0
1.06,0.98,2.13,5,2,2,13.5,22.5,1.11,0.89,0.99,5.05,4,2,14,,0,4,1889,0.0567358,1,0.0099893,0.0229062,0.0320464,241800,7,65000,24,0.0582689,-0.0202027,12.39587,11.08214,7.543803,1,0,0,0
1.06,0.85,1.11,4.8,4,,15.5,10,,,,5.05,3,,,,0,1,16693,0.0746676,1,0.3694827,0.2851345,0.43034,107000,1,21978,24,0.0582689,-0.1625189,11.58058,9.997797,9.722745,1,1,0,0
1.17,0.95,0.95,4.25,3,4,18,13.5,1.26,1.01,1,5.05,3,4,18,13.5,0,1,16693,0.0746676,1,0.5422576,0.1285608,0.2276589,142200,2,31639,24,0.1570037,-0.0512933,11.86499,10.36215,9.722745,1,1,0,0
1.06,1.06,2.45,4.25,3,3,12,3.5,1.05,1.05,2.43,5.05,3,3,11,14,0,2,16693,0.0746676,1,0.4859012,0.2214113,0.3024055,111100,1,26039,24,0.0582689,0.0582689,11.61819,10.16735,9.722745,1,0,1,0
1.12,1.02,1.06,4.75,3,4,16,16,1.11,1.05,1.05,5.05,2,4,15,19.5,1,3,9262,0.0609463,1,0.2498173,0.0698492,0.1487301,186900,6,46255,2,0.1133287,0.0198026,12.13833,10.74193,9.133676,1,0,0,1
1.17,1.17,1.38,5.75,2,1,10.5,10,1.05,1.16,2.32,5.5,3,1,10.5,11.5,1,4,9262,0.0609463,1,0.2498173,0.0698492,0.1487301,186900,6,46255,2,0.1570037,0.1570037,12.13833,10.74193,9.133676,1,0,0,0
1.12,1.02,1.02,4.25,4,6,16,11,1.12,1.05,1.05,5.05,4,6,16,18.5,0,3,9262,0.0609463,1,0.2498173,0.0698492,0.1487301,186900,6,46255,2,0.1133287,0.0198026,12.13833,10.74193,9.133676,1,0,0,1
1.1,0.95,1.1,,5,4,19,22.5,1.06,1.05,1.04,5.05,5,4,18.5,40,1,1,9262,0.0609463,1,0.2498173,0.0698492,0.1487301,186900,6,46255,2,0.0953102,-0.0512933,12.13833,10.74193,9.133676,1,1,0,0
1.17,1.27,2.77,4.62,3,3,11,9,1.16,1.26,2.75,5.25,3,3,11,20,1,2,7364,0.0384749,1,0.0066904,0.0250457,0.0754631,204700,3,52919,2,0.1570037,0.2390169,12.2293,10.87652,8.904359,1,0,1,0
1.12,1.02,1.06,4.25,3,4,17,18,1.17,1.06,2.11,5.05,3,4,17,13.5,1,3,9262,0.0609463,1,0.0066904,0.0250457,0.0754631,204700,3,52919,2,0.1133287,0.0198026,12.2293,10.87652,9.133676,1,0,0,1
1.06,0.95,0.95,4.25,3,4,17,9.5,1.05,0.95,0.95,5.05,4,4,17,19,0,1,3900,0.0546059,1,0.0196445,0.0604782,0.1005291,195200,2,44018,2,0.0582689,-0.0512933,12.18178,10.69235,8.268732,1,1,0,0
1.02,,2.14,5,4,2,11.5,29.5,0.84,0.94,1.99,5.5,4,2,12.5,28,1,4,3900,0.0546059,1,0.0196445,0.0604782,0.1005291,195200,2,44018,2,0.0198026,,12.18178,10.69235,8.268732,1,0,0,0
1.2,1.06,1.06,4.5,3,5,17,23.5,1.17,1.01,1.05,5.05,3,5,16,20,1,3,8153,0.0246954,1,0.0394043,0.0331476,0.0967378,183500,1,51288,2,0.1823216,0.0582689,12.11997,10.84521,9.006142,1,0,0,1
1.06,1.06,0.95,4.62,4,3,16,26,1.06,1.06,1.06,5.05,3,3,16,31,0,1,2553,0.0279219,1,0.0124784,0.0180528,0.0187336,270800,1,67716,2,0.0582689,0.0582689,12.50914,11.12308,7.845025,1,1,0,0
1.12,1.02,1.06,4.32,3,6,17,14.5,1.12,1.01,1.05,5.05,3,6,16,9,1,3,6659,0.032736,1,0.0308927,0.0439196,0.0670911,185100,3,51561,2,0.1133287,0.0198026,12.12865,10.85052,8.803724,1,0,0,1
1.06,0.95,0.95,4.75,3,3,17,17.5,1.05,0.95,0.95,5.05,3,3,17,36,0,1,9762,0.0315813,1,0.0282081,0.0612684,0.1099576,176500,1,40760,2,0.0582689,-0.0512933,12.08108,10.61546,9.186253,1,1,0,0
1.06,0.95,0.95,4.65,3,3,16,,1.05,1.05,0.89,5.05,3,3,16,15,0,1,7268,0.0252033,1,0.0125818,0.022337,0.0738916,207300,1,53168,2,0.0582689,-0.0512933,12.24192,10.88121,8.891236,1,1,0,0
1.06,1.06,2.66,4.25,2,4,10,17.5,1.05,1.05,2.64,5.05,2,4,10,15.5,0,2,1675,0.0209963,1,0.0024702,0.0217573,0.0247074,276300,1,66939,2,0.0582689,0.0582689,12.52924,11.11154,7.423568,1,0,1,0
0.95,0.95,0.96,4.5,4,3,14,9,1.26,1.01,1,5.05,3,3,14,8.5,0,1,2371,0.1460885,1,0.0044543,0.0303532,0.0308618,245400,5,62509,2,-0.0512933,-0.0512933,12.41064,11.04307,7.771067,1,1,0,0
1.12,1.06,1.06,4.75,4,5,17,20.5,1.11,1.06,1.05,5.05,3,5,17,32.5,1,3,2371,0.1460885,1,0.0044543,0.0303532,0.0308618,245400,5,62509,2,0.1133287,0.0582689,12.41064,11.04307,7.771067,1,0,0,1
1.06,0.95,0.95,4.25,3,3,14,15,1.05,0.95,0.94,5.05,3,3,14,17,0,1,2371,0.1460885,1,0.0044543,0.0303532,0.0308618,245400,5,62509,2,0.0582689,-0.0512933,12.41064,11.04307,7.771067,1,1,0,0
1.06,0.95,0.95,4.5,3,3,16,17.5,1.05,0.94,0.94,5.05,3,3,16,22,0,1,3140,0.0103678,1,0.0105846,0.0253538,0.0431093,253200,1,68286,2,0.0582689,-0.0512933,12.44193,11.13146,8.051978,1,1,0,0
1.17,1.27,2.77,4.25,3,3,11,10.5,1.16,1.16,2.75,5.05,3,3,11,9.5,0,2,4943,0.0387335,1,0.0083144,0.0364397,0.0568231,190800,2,51257,2,0.1570037,0.2390169,12.15898,10.84461,8.505728,1,0,1,0
1.07,1.02,1.02,4.25,3,3,17,35,1.05,0.95,0.95,5.05,3,3,17,21.5,0,1,4943,0.0387335,1,0.0083144,0.0364397,0.0568231,190800,2,51257,2,0.0676587,0.0198026,12.15898,10.84461,8.505728,1,1,0,0
0.95,0.85,0.99,4.5,3,2,11,7.5,1.01,0.9,1.26,5.05,3,2,13,8.5,0,4,2237,0.0439381,1,0.3173136,0.1301452,0.1985242,179600,4,40656,7,-0.0512933,-0.1625189,12.09849,10.6129,7.712891,1,0,0,0
1.18,0.88,0.98,4.75,4,3,16,21,1.05,0.9,0.98,5.05,3,3,16,30,0,1,11199,0.0872076,1,0.3173136,0.1301452,0.1985242,179600,4,40656,19,0.1655144,-0.1278334,12.09849,10.6129,9.32358,1,1,0,0
1.1,1.02,1.08,5,3,4,16,20,1.29,1.11,1.18,5.05,4,4,16,30,1,1,653,0.0239083,1,0.0331428,0.0397589,0.0754146,170000,2,47994,19,0.0953102,0.0198026,12.04355,10.77883,6.481577,1,1,0,0
1.06,0.95,0.95,4.25,4,3,15,15,1.11,0.95,1.14,5.25,4,3,16,16,0,1,2379,0.0628261,1,0.1591312,0.0376937,0.0432113,165500,6,45771,19,0.0582689,-0.0512933,12.01673,10.73141,7.774436,1,1,0,0
1.12,1.02,1.06,4.75,5,6,12.5,12,1.11,1.01,1.05,5.05,3,6,13,18.5,0,1,2379,0.0628261,1,0.1591312,0.0376937,0.0432113,165500,6,45771,19,0.1133287,0.0198026,12.01673,10.73141,7.774436,1,1,0,0
0.91,0.85,1.06,4.87,4,2,12,25,1.05,0.84,1.26,5.25,3,2,12.5,19.5,0,4,816,0.0348677,1,0.1591312,0.0376937,0.0432113,165500,6,45771,19,-0.0943106,-0.1625189,12.01673,10.73141,6.704414,1,0,0,0
1.06,0.95,1.06,,4,2,12,40,1.02,0.94,1.05,5.05,4,2,12,12.5,0,4,2379,0.0628261,1,0.1591312,0.0376937,0.0432113,165500,6,45771,19,0.0582689,-0.0512933,12.01673,10.73141,7.774436,1,0,0,0
1.06,1.01,2.66,4.62,4,4,11,14,1.05,1,2.75,5.05,2,4,10.5,20,0,2,2379,0.0628261,1,0.1591312,0.0376937,0.0432113,165500,6,45771,19,0.0582689,0.0099503,12.01673,10.73141,7.774436,1,0,1,0
1.02,1.07,1.06,5,4,5,16,26,1.05,1.01,1.74,5.05,4,5,15,22,1,3,886,0.0198009,1,0.0317188,0.0254828,0.0553923,217800,1,62194,19,0.0198026,0.0676587,12.29133,11.03801,6.786717,1,0,0,1
1.06,,1.05,4.62,4,,16,25.5,1.04,1.06,,5.05,4,,16,33.75,0,1,668,0.0338325,1,0.0801578,0.0355372,0.0728962,176500,3,57697,19,0.0582689,,12.08108,10.96296,6.504288,1,1,0,0
0.95,0.85,1.06,5,4,2,11.5,17.5,1,0.9,2.11,5.05,3,2,12.5,15,1,4,668,0.0338325,1,0.0801578,0.0355372,0.0728962,176500,3,57697,19,-0.0512933,-0.1625189,12.08108,10.96296,6.504288,1,0,0,0
1.12,1.02,0.95,4.75,4,5,16,20,1.17,1.06,0.95,5.05,4,5,16,21,0,3,3924,0.0195668,1,0.009186,0.0249824,0.0798983,168300,3,58039,19,0.1133287,0.0198026,12.0335,10.96887,8.274867,1,0,0,1
1.06,0.95,0.98,4.85,10,4,17.5,26,1.05,0.94,1.04,5.05,5,4,18,26,0,1,3924,0.0195668,1,0.009186,0.0249824,0.0798983,168300,3,58039,19,0.0582689,-0.0512933,12.0335,10.96887,8.274867,1,1,0,0
0.91,0.79,2.34,,3,3,11,6.5,0.95,0.9,2.49,5.05,2,3,11,8.5,0,2,3924,0.0195668,1,0.009186,0.0249824,0.0798983,168300,3,58039,19,-0.0943106,-0.2357223,12.0335,10.96887,8.274867,1,0,1,0
1.06,1.01,2.66,4.25,2,4,10,7.5,1.05,0.94,2.59,5.05,5,4,10.5,7.5,0,2,628,0.0253674,1,0.026525,0.0342552,0.0402885,163600,4,53795,19,0.0582689,0.0099503,12.00518,10.89294,6.44254,1,0,1,0
0.91,0.85,0.95,5,3,2,11.5,17.5,1.05,0.84,1.26,5.05,2,2,12.5,,0,4,628,0.0253674,1,0.026525,0.0342552,0.0402885,163600,4,53795,19,-0.0943106,-0.1625189,12.00518,10.89294,6.44254,1,0,0,0
,,0.96,4.25,3,4,16,17.5,1.11,1.05,1.05,5.05,5,4,16,17.5,1,1,628,0.0253674,1,0.026525,0.0342552,0.0402885,163600,4,53795,19,,,12.00518,10.89294,6.44254,1,1,0,0
1.06,0.85,1.06,4.25,3,2,11.5,15,0.94,0.84,2.11,5.05,3,2,12.5,20.5,0,4,5419,0.0440285,1,0.0497413,0.0502388,0.113924,128600,3,42361,19,0.0582689,-0.1625189,11.76446,10.65398,8.597667,1,0,0,0
0.91,0.85,2.34,4.25,3,3,10,19,1.01,0.94,2.64,5.05,3,3,10.5,6,1,2,3126,0.0353328,1,0.0497413,0.0502388,0.113924,128600,3,42361,19,-0.0943106,-0.1625189,11.76446,10.65398,8.047509,1,0,1,0
1.06,1.01,2.66,4.5,3,4,11,10.5,1.05,1,2.73,5.05,3,4,10,7.5,0,2,792,0.0974464,1,0.1962366,0.1456063,0.1610329,147600,2,35277,23,0.0582689,0.0099503,11.90226,10.47099,6.674562,1,0,1,0
0.91,0.91,2.34,4.25,3,3,10.5,8,0.94,0.84,2.49,5.05,4,3,11,7,0,2,3126,0.0353328,1,0.0428778,0.0292281,0.0579337,176400,3,60606,19,-0.0943106,-0.0943106,12.08051,11.01215,8.047509,1,0,1,0
1.12,1.07,1.12,4.75,3,5,15,11.5,1.11,1.06,1.05,5.05,3,5,15,9.5,0,3,3126,0.0353328,1,0.0428778,0.0292281,0.0579337,176400,3,60606,19,0.1133287,0.0676587,12.08051,11.01215,8.047509,1,0,0,1
1.1,0.94,1.04,5,4,3,16,28.5,1.11,1.05,1.05,5.05,4,3,16,23,1,1,1662,0.019477,1,0.0147634,0.0162512,0.0586081,226400,2,71621,19,0.0953102,-0.0618754,12.33006,11.17914,7.415777,1,1,0,0
1.06,1.01,2.66,4.5,4,4,11,9.5,1.05,1.05,2.85,5.05,4,4,12,8.75,0,2,5552,0.0774465,1,0.3015262,0.0642415,0.084454,136700,2,46272,19,0.0582689,0.0099503,11.82554,10.74229,8.621914,1,0,1,0
1.09,0.95,1.04,4.25,3,3,16,18,1.18,1.04,1.03,5.05,5,3,16,16.25,1,1,2237,0.0439381,1,0.0048832,0.0148394,0.0435644,178400,3,55917,7,0.0861777,-0.0512933,12.09178,10.93162,7.712891,1,1,0,0
1.12,1.09,1.06,5.62,3,4,15,14,1.11,1.06,1.05,5.05,3,4,15,13.75,0,3,2237,0.0439381,1,0.0048832,0.0148394,0.0435644,178400,3,55917,7,0.1133287,0.0861777,12.09178,10.93162,7.712891,1,0,0,1
1.06,0.95,0.95,4.5,4,2,16,10,1.05,0.94,0.94,5.05,3,2,16,13,0,1,462,0.0515021,1,0.0570457,0.0615117,0.0772214,161000,1,46700,21,0.0582689,-0.0512933,11.98916,10.7515,6.135565,1,1,0,0
1.06,0.95,0.95,5.25,4,3,17,19.5,1.05,0.94,0.94,5.05,4,3,17,22.5,0,1,1088,0.021141,1,0.001765,0.0200583,0.0435306,185500,1,63257,21,0.0582689,-0.0512933,12.13081,11.05496,6.992096,1,1,0,0
0.85,0.8,2.34,4.35,3,4,10,6,0.91,0.9,2.45,5.05,4,4,10.5,12.5,0,2,2256,0.0311576,1,0.0115167,0.033978,0.0566964,164400,3,50708,29,-0.1625189,-0.2231435,12.01006,10.83384,7.721349,1,0,1,0
0.99,0.89,0.89,5,4,3,17,28,1.05,0.95,0.95,5.05,5,3,17,15.5,0,1,2256,0.0311576,1,0.0115167,0.033978,0.0566964,164400,3,50708,29,-0.0100503,-0.1165338,12.01006,10.83384,7.721349,1,1,0,0
1.09,0.81,1.04,5,3,,15,7,,,,,0,,,0,0,1,432,0.0167742,1,0.0118611,0.03756,0.0219448,150900,2,50628,21,0.0861777,-0.210721,11.92437,10.83226,6.068426,1,1,0,0
0.92,0.7,2.34,4.5,3,3,10,5.5,0.95,0.94,2.49,5.05,4,3,11.5,5,0,2,432,0.0167742,1,0.0118611,0.03756,0.0219448,150900,2,50628,21,-0.0833816,-0.356675,11.92437,10.83226,6.068426,1,0,1,0
0.98,0.85,2.34,4.5,2,4,10.5,12,0.95,0.84,2.49,5.25,4,4,11.5,12.5,0,2,952,0.023496,1,0.0111902,0.0440123,0.0376344,176600,3,46472,21,-0.0202027,-0.1625189,12.08164,10.7466,6.858565,1,0,1,0
0.95,0.85,1.06,4.75,5,2,11.5,24,1.11,0.84,1.26,5.05,4,2,12.5,17.5,0,4,952,0.023496,1,0.0111902,0.0440123,0.0376344,176600,3,46472,21,-0.0512933,-0.1625189,12.08164,10.7466,6.858565,1,0,0,0
1.16,1.02,1.09,4.5,3,5,16,18,1.15,1.01,1.01,5.05,3,5,16,22,0,1,2279,0.0303151,1,0.0069724,0.0417686,0.0791096,156400,3,51675,27,0.14842,0.0198026,11.96017,10.85273,7.731492,1,1,0,0
1.06,1.02,2.34,4.5,2,5,11,8.5,1.15,1.05,2.64,5.05,2,5,11,6.5,0,2,1082,0.0112211,1,0.0069724,0.0417686,0.0791096,156400,3,51675,27,0.0582689,0.0198026,11.96017,10.85273,6.986567,1,0,1,0
1.2,1.07,1.06,5,3,,16.5,21,,,,5.05,3,,15,18,1,3,462,0.0515021,1,0.0118201,0.0234509,0.0327548,179900,3,60286,21,0.1823216,0.0676587,12.10016,11.00686,6.135565,1,0,0,1
1.19,0.87,0.95,5,2,3,15,33,1.09,1.04,1.01,5.05,3,3,15,7.5,0,1,394,0.0161641,1,0.0002623,0.0139455,0.0281637,189300,1,68602,27,0.1739534,-0.1392621,12.15109,11.13608,5.976351,1,1,0,0
1.06,0.95,1.02,4.87,3,3,15,15.5,0.95,0.94,1.01,5.05,2,3,15,11,0,1,952,0.023496,1,0.0159579,0.0197356,0.0312887,211400,2,65305,21,0.0582689,-0.0512933,12.26151,11.08682,6.858565,1,1,0,0
1.12,1.02,1.06,4.75,3,6,16.5,20,1.11,1.01,1.05,5.05,3,6,15.5,18,1,3,952,0.023496,1,0.0159579,0.0197356,0.0312887,211400,2,65305,21,0.1133287,0.0198026,12.26151,11.08682,6.858565,1,0,0,1
1.06,0.95,0.95,4.25,4,3,16,,1.05,0.94,0.94,5.05,4,3,16,26,0,1,346,0.0135326,1,0.0160904,0.0423467,0.0730816,146100,1,48925,29,0.0582689,-0.0512933,11.89205,10.79804,5.846439,1,1,0,0
1.12,0.89,0.95,5.12,3,2,14,11.75,1.13,0.91,0.91,5.25,3,2,14,6,0,1,513,0.0200091,1,0.0013975,0.0131476,0.0390428,314000,1,82084,26,0.1133287,-0.1165338,12.65715,11.3155,6.240276,1,1,0,0
1.12,1.02,1.06,5,4,5,19,19,1.11,1.06,1.05,5.05,3,5,17,12.5,1,3,759,0.0593081,1,0.009611,0.0180639,0.0180424,318100,2,80548,21,0.1133287,0.0198026,12.67012,11.29661,6.632002,1,0,0,1
1.06,0.95,0.95,5,3,3,16,13.5,1.05,0.96,0.95,5.28,4,3,16,14,0,1,759,0.0593081,1,0.009611,0.0180639,0.0180424,318100,2,80548,21,0.0582689,-0.0512933,12.67012,11.29661,6.632002,1,1,0,0
0.91,0.85,2.34,5,3,2,12,12.5,0.95,0.83,2.47,5.5,2,2,11,16,0,2,1136,0.01643,1,0.0060498,0.0207022,0.0125,256600,2,72638,21,-0.0943106,-0.1625189,12.45527,11.19324,7.035269,1,0,1,0
1.23,0.89,0.89,4.67,3.5,3,16,13.75,1.11,0.88,0.88,5.75,3,3,15,22,0,1,852,0.0864971,1,0.0061889,0.0224756,0.0204082,235000,1,71806,26,0.2070142,-0.1165338,12.36734,11.18172,6.747587,1,1,0,0
1,0.95,0.89,,9,3,17,12.5,1.05,0.95,0.95,5.05,3,3,17,31.5,0,1,3774,0.0159621,1,0.0430108,0.0379497,0.0528351,247900,1,65431,21,0,-0.0512933,12.42078,11.08875,8.23589,1,1,0,0
1.12,0.91,0.99,4.75,4,,11.5,9.5,0.95,0.95,0.89,,,,,,1,3,5660,0.0754834,1,0.129479,0.0466379,0.0738214,283100,2,72920,21,0.1133287,-0.0943106,12.55356,11.19712,8.641179,1,0,0,1
1.06,1,1.06,4.8,5,4,16,18,1.05,0.99,1.05,5.05,4.5,4,16,16,0,1,5660,0.0754834,1,0.129479,0.0466379,0.0738214,283100,2,72920,21,0.0582689,0,12.55356,11.19712,8.641179,1,1,0,0
1.02,0.85,0.85,5,4,4,15,19,0.94,0.78,0.84,5.05,2,4,15,21.25,1,1,2868,0.0507008,1,0.0414442,0.0360678,0.0987546,129900,6,51022,6,0.0198026,-0.1625189,11.77452,10.84001,7.96137,1,1,0,0
1.02,0.91,0.91,4.5,4,4,16,16.5,1.01,1.01,0.94,5.05,3,4,16,12,1,3,2868,0.0507008,1,0.0414442,0.0360678,0.0987546,129900,6,51022,6,0.0198026,-0.0943106,11.77452,10.84001,7.96137,1,0,0,1
1.12,,0.95,4.75,3,2,11.5,8.5,1.02,1.01,0.94,5.05,3,2,11.5,9.5,1,3,2868,0.0507008,1,0.0414442,0.0360678,0.0987546,129900,6,51022,6,0.1133287,,11.77452,10.84001,7.96137,1,0,0,1
1.06,0.93,0.88,4.25,4,3,16,20,1.09,0.94,0.93,5.05,5,3,16,17,1,1,1672,0.0671423,1,0.1058741,0.062553,0.0600714,114800,4,43470,6,0.0582689,-0.0725707,11.65095,10.67983,7.421776,1,1,0,0
0.95,0.79,2.34,4.25,4,4,11,6,0.94,0.73,2.32,5.05,2,4,10.5,5,1,2,1672,0.0671423,1,0.1058741,0.062553,0.0600714,114800,4,43470,6,-0.0512933,-0.2357223,11.65095,10.67983,7.421776,1,0,1,0
1.02,0.95,0.95,4.25,2,6,16,8,1.01,1.01,2,5.05,2,6,15,8,1,3,1672,0.0671423,1,0.1058741,0.062553,0.0600714,114800,4,43470,6,0.0198026,-0.0512933,11.65095,10.67983,7.421776,1,0,0,1
0.95,0.86,0.95,5,3,2,11.5,14.5,1,0.84,2.35,5.25,3,2,12.5,24,0,4,7144,0.0159968,1,0.2013907,0.053199,0.0573632,109700,2,45443,2,-0.0512933,-0.1508229,11.6055,10.72421,8.874028,1,0,0,0
,,,4.75,3,3,16,12,1.01,1.01,0.94,5.05,3,3,15,13,1,3,1938,0.0363918,1,0.0399834,0.0287831,0.0476508,110200,7,48574,6,,,11.61005,10.79084,7.569412,1,0,0,1
1.06,0.95,2.77,4.25,2,4,10,10.5,1.09,0.9,2.75,5.05,3,4,10,9,0,2,1938,0.0363918,1,0.0399834,0.0287831,0.0476508,110200,7,48574,6,0.0582689,-0.0512933,11.61005,10.79084,7.569412,1,0,1,0
1.06,0.92,0.9,4.25,3,3,16,15,1.08,0.94,0.84,5.05,3,3,18,29,0,1,2325,0.0416008,1,0.0399834,0.0287831,0.0476508,110200,6,48574,6,0.0582689,-0.0833816,11.61005,10.79084,7.751475,1,1,0,0
1.02,0.89,0.91,4.62,3,3,16,17,1.04,0.93,0.96,5.05,5,3,16.25,17.5,0,1,1938,0.0363918,1,0.0399834,0.0287831,0.0476508,110200,7,48574,6,0.0198026,-0.1165338,11.61005,10.79084,7.569412,1,1,0,0
0.95,0.86,0.95,4.55,3,2,11.5,14,1,0.85,0.94,5.1,3,2,11.5,13,0,4,1938,0.0363918,1,0.0399834,0.0287831,0.0476508,110200,7,48574,6,-0.0512933,-0.1508229,11.61005,10.79084,7.569412,1,0,0,0
0.95,0.74,2.34,4.75,2,4,10.5,13,0.95,0.85,2.32,5.05,2,4,12,9.5,1,2,877,0.0431187,1,0.201043,0.0684898,0.0946563,110900,3,41440,5,-0.0512933,-0.3011051,11.61638,10.632,6.776507,1,0,1,0
1.06,0.93,0.93,4.87,5,,17,19.75,,,,5.05,3,,17,27.5,1,1,877,0.0431187,1,0.201043,0.0684898,0.0946563,110900,3,41440,5,0.0582689,-0.0725707,11.61638,10.632,6.776507,1,1,0,0
1.06,0.95,1.06,4.25,3,3,16.5,13.5,1.08,1.02,0.87,5.05,3,3,17.5,11.25,0,1,2932,0.0446349,1,0.1095007,0.0659936,0.0867926,88300,3,40050,6,0.0582689,-0.0512933,11.3885,10.59788,7.98344,1,1,0,0
0.95,0.69,1.5,4.45,3,4,10,7,0.94,0.73,2.32,5.05,4,4,11,11.5,1,2,2482,0.0357215,1,0.1095007,0.0659936,0.0867926,88300,3,40050,6,-0.0512933,-0.3710637,11.3885,10.59788,7.81682,1,0,1,0
1.02,0.95,0.95,4.5,4,3,15,17,,0.9,,5.05,4,3,15,19.5,0,1,1103,0.0323122,1,0.0458751,0.0465341,0.0656895,98000,1,42176,11,0.0198026,-0.0512933,11.49272,10.64961,7.005789,1,1,0,0
1.06,0.89,0.91,4.5,3,3,16,15,0.93,0.84,0.93,5.05,3,3,16,25,0,1,1666,0.0621878,1,0.1953666,0.1388848,0.0985172,95700,4,39672,11,0.0582689,-0.1165338,11.46897,10.5884,7.418181,1,1,0,0
1.06,0.95,2.77,4.25,3,5,10.5,7.5,1.05,0.94,2.75,5.05,3,5,10.5,11,0,2,1666,0.0621878,1,0.1953666,0.1388848,0.0985172,95700,4,39672,11,0.0582689,-0.0512933,11.46897,10.5884,7.418181,1,0,1,0
0.95,0.71,0.95,4.25,2,2,11.5,11,1,0.85,0.94,5.3,2,2,10.5,13,0,4,1666,0.0621878,1,0.1953666,0.1388848,0.0985172,95700,4,39672,11,-0.0512933,-0.3424903,11.46897,10.5884,7.418181,1,0,0,0
1.06,0.91,0.95,4.5,3,5,16,12,1.01,1.01,0.94,5.05,3,5,16,9.5,1,3,3684,0.065928,1,0.0026281,0.0849037,0.1666981,64700,1,35682,6,0.0582689,-0.0943106,11.07752,10.4824,8.211755,1,0,0,1
0.95,0.92,0.95,4.8,3,2,16,17.5,1,0.84,2.69,5.05,3,2,16,20.5,0,4,4215,0.0249147,1,0.0108808,0.0434402,0.098887,88800,2,39207,6,-0.0512933,-0.0833816,11.39414,10.57661,8.346405,1,0,0,0
1.02,0.88,0.91,4.25,3,,16,25,,,,,,,,,0,1,4215,0.0249147,1,0.0108808,0.0434402,0.098887,88800,2,39207,6,0.0198026,-0.1278334,11.39414,10.57661,8.346405,1,1,0,0
1.06,0.91,0.79,4.25,3,,16,9,,,,,0,,,0,1,3,2868,0.0507008,1,0.0292064,0.0259011,0.0387564,138700,2,54981,6,0.0582689,-0.0943106,11.84007,10.91474,7.96137,1,0,0,1
1.02,0.85,0.85,5,4,3,14.5,19,1.05,,0.84,5.05,4,3,14.5,22.5,0,1,2868,0.0507008,1,0.0292064,0.0259011,0.0387564,138700,2,54981,6,0.0198026,-0.1625189,11.84007,10.91474,7.96137,1,1,0,0
1.18,1.06,,5.25,5,5,24,43,1.22,1.05,1.05,5.05,5,5,24,41.5,0,3,292,0.0339122,1,0.0550422,0.0735619,0.0681422,96300,2,39345,1,0.1655144,0.0582689,11.47522,10.58012,5.676754,1,0,0,1
1,0.85,0.88,,2,3,16,14.5,1.05,0.84,0.87,5.05,2,3,16,14.5,0,1,292,0.0339122,1,0.0550422,0.0735619,0.0681422,96300,3,39345,1,0,-0.1625189,11.47522,10.58012,5.676754,1,1,0,0
0.9,0.8,0.8,4.25,3,3,16,16.5,1.05,0.88,0.91,5.05,5,3,16,42.5,0,1,2115,0.0527302,1,0.0644616,0.0365812,0.0591291,170700,3,61835,6,-0.1053605,-0.2231435,12.04766,11.03222,7.65681,1,1,0,0
0.95,0.74,2.34,4.62,4,4,10,9,0.95,0.74,2.32,5.05,3,4,10,7.5,1,2,2115,0.0527302,1,0.0644616,0.0365812,0.0591291,170700,3,61835,6,-0.0512933,-0.3011051,12.04766,11.03222,7.65681,1,0,1,0
0.91,0.74,2.34,5.5,2,,10,7.5,,,2.32,5.05,3,,11,6.5,1,2,1987,0.0566702,1,0.9816579,0.09763,0.1395122,81500,1,41429,6,-0.0943106,-0.3011051,11.30836,10.63174,7.594381,1,0,1,0
1.07,0.85,0.95,4.37,3,3,16,18.75,1.01,1.01,0.89,5.05,4,3,16,,1,3,4775,0.0356287,1,0.5597082,0.0444408,0.0284454,95100,3,48741,5,0.0676587,-0.1625189,11.46268,10.79428,8.471149,1,0,0,1
1.06,0.85,0.95,4.25,2,3,16,21,0.95,0.95,0.95,5.05,2,3,16,9.5,1,1,4775,0.0356287,1,0.5597082,0.0444408,0.0284454,95100,3,48741,5,0.0582689,-0.1625189,11.46268,10.79428,8.471149,1,1,0,0
1.02,0.95,0.95,4.75,3,5,16,10,1.01,1.01,0.89,5.05,3,5,16,9.5,1,3,4960,0.0211891,1,0.1735384,0.0725547,0.0769231,87900,2,37575,6,0.0198026,-0.0512933,11.38396,10.53409,8.509161,1,0,0,1
1.06,0.87,0.91,4.25,3,5,15,20.5,1.05,0.87,0.94,5.05,4,5,15,22.5,0,1,283,0.0299437,1,0.0019082,0.067086,0.0589618,132200,3,34714,23,0.0582689,-0.1392621,11.79207,10.4549,5.645447,1,1,0,0
1.06,0.91,1.07,4.4,3,5,16,18.5,1.07,1.01,1.05,5.05,2,5,15,13.5,0,3,283,0.0299437,1,0.0019082,0.067086,0.0589618,132200,3,34714,23,0.0582689,-0.0943106,11.79207,10.4549,5.645447,1,0,0,1
1.06,0.91,1.12,4.75,4,5,16,12.5,1.01,1.01,0.89,5.05,2,5,17,15,1,3,5164,0.0384675,1,0.0575308,0.0282084,0.0610785,95000,1,39509,5,0.0582689,-0.0943106,11.46163,10.58428,8.549467,1,0,0,1
1.12,0.91,0.95,5,5,3,16,16,1.01,1.01,0.94,5.05,4,3,15,10,1,3,1191,0.0287745,1,0.0295152,0.0220388,0.0324093,145300,2,55878,5,0.1133287,-0.0943106,11.88656,10.93093,7.082549,1,0,0,1
0.95,0.8,1.06,5.05,4,2,11.5,16.5,1,0.85,1.05,5.05,4,2,11.5,14,0,4,1367,0.027519,1,0.0606916,0.0202933,0.0171282,148900,4,57055,5,-0.0512933,-0.2231435,11.91103,10.95177,7.220374,1,0,0,0
1.06,0.92,0.92,,3,5,17,14,1.05,0.94,0.94,5.05,3,5,17,13.5,1,1,3656,0.0782968,1,0.0606916,0.0202933,0.0171282,148900,3,57055,5,0.0582689,-0.0833816,11.91103,10.95177,8.204125,1,1,0,0
0.95,,,4.25,2,,10,7.25,0.85,,,,3,,11,9,1,2,509,0.0226055,1,0.0047142,0.0234694,0.0305526,188900,3,63989,5,-0.0512933,,12.14897,11.06647,6.232448,1,0,1,0
0.96,0.95,0.85,4.25,3,5,14.5,21,1.05,0.84,0.84,5.05,2,5,16,23.5,0,1,509,0.0226055,1,0.0047142,0.0234694,0.0305526,188900,3,63989,5,-0.040822,-0.0512933,12.14897,11.06647,6.232448,1,1,0,0
0.91,0.91,0.91,5,3,3,12.5,15,0.9,0.9,0.85,5.05,3,3,12.5,10,0,1,1062,0.0325763,1,0.0532435,0.0289966,0.0498539,190400,3,64903,5,-0.0943106,-0.0943106,12.15688,11.08065,6.967909,1,1,0,0
0.95,0.86,0.95,5.06,3,2,10.5,17.5,1,0.85,0.94,5.05,3,2,10.5,12.5,0,4,3656,0.0798947,1,0.123247,0.0632239,0.067521,113200,4,47996,5,-0.0512933,-0.1508229,11.63691,10.77887,8.204125,1,0,0,0
0.95,0.74,2.34,4.62,2,4,9.5,5.5,0.9,0.84,2.32,5.05,3,4,11,6.5,1,2,3656,0.0798947,1,0.123247,0.0632239,0.067521,113200,4,47996,5,-0.0512933,-0.3011051,11.63691,10.77887,8.204125,1,0,1,0
0.91,0.74,2.34,4.25,3,,10,7.5,0.94,0.73,2.53,5.05,2,,10.5,13.5,1,2,3147,0.0624905,1,0.2120887,0.147196,0.1424783,69000,2,31348,11,-0.0943106,-0.3011051,11.14186,10.35291,8.054205,1,0,1,0
1.05,0.91,0.93,4.25,4,2,16,19.5,1.04,0.93,0.95,5.05,5,2,16,28,0,1,565,0.0263158,1,0.0078827,0.055336,0.0634374,87900,3,43628,25,0.0487901,-0.0943106,11.38396,10.68345,6.336826,1,1,0,0
1.06,0.84,0.95,4.35,4,4,16,10.5,1.05,1.05,0.94,5.05,2,4,15,10.5,0,3,565,0.0263158,1,0.0078827,0.055336,0.0634374,87900,3,43628,25,0.0582689,-0.1743534,11.38396,10.68345,6.336826,1,0,0,1
1.02,0.91,0.93,4.5,4,3,15,34,0.95,1.05,0.94,5.05,5,3,16,20,0,1,1907,0.0310366,1,0.0467958,0.0336062,0.0635771,115700,2,44778,5,0.0198026,-0.0943106,11.65876,10.70947,7.553287,1,1,0,0
1.02,0.9,0.95,4.25,3,4,16,15.75,1.01,1.01,0.73,5.05,4,4,16,20,1,3,3964,0.0234234,1,0.047774,0.0248612,0.035246,144800,1,53455,5,0.0198026,-0.1053605,11.88311,10.8866,8.285008,1,0,0,1
1.06,0.8,2.13,4.45,3,3,10.5,11,0.94,0.94,2.43,5.05,2,3,10,5.5,0,2,2549,0.1070754,1,0.2784675,0.187528,0.1696958,69800,2,32360,25,0.0582689,-0.2231435,11.15339,10.38468,7.843456,1,0,1,0
0.96,0.93,0.93,4.55,4,4,17.5,14.5,1.05,0.94,0.94,5.05,4,4,17.5,20.75,1,1,5119,0.062179,1,0.0468705,0.0613623,0.0961228,87800,1,42893,11,-0.040822,-0.0725707,11.38282,10.66646,8.540714,1,1,0,0
0.95,0.85,2.34,4.25,3,3,10,9.5,0.94,0.73,2.32,5.05,3,3,10,8,1,2,1672,0.0671423,1,0.0560676,0.0456208,0.0679495,130300,1,57178,6,-0.0512933,-0.1625189,11.77759,10.95392,7.421776,1,0,1,0
1.02,0.95,2.56,4.6,3,4,11,15,1.05,0.94,2.53,5.05,3,4,11,8.5,0,2,569,0.0466599,1,0.114207,0.0698809,0.0698635,95600,3,39756,11,0.0198026,-0.0512933,11.46793,10.59052,6.343881,1,0,1,0
1.06,0.88,0.84,4.5,3,2,16,19.75,1.05,0.94,0.89,5.05,3,2,16,27.5,0,1,569,0.0466599,1,0.114207,0.0698809,0.0698635,95600,3,39756,11,0.0582689,-0.1278334,11.46793,10.59052,6.343881,1,1,0,0
1.12,0.85,1.06,4.25,3,3,12.5,14,1.01,1.01,0.89,5.05,3,3,11.5,9.5,1,3,1373,0.07358,1,0.0911294,0.0762732,0.0986077,95800,4,42022,11,0.1133287,-0.1625189,11.47002,10.64595,7.224753,1,0,0,1
0.85,0.74,2.34,4.35,2,3,10,9,0.95,0.73,2.19,5.05,3,3,11,6.5,1,2,1373,0.07358,1,0.0911294,0.0762732,0.0986077,95800,4,42022,11,-0.1625189,-0.3011051,11.47002,10.64595,7.224753,1,0,1,0
1.06,0.91,0.91,4.75,3,5,17,16.5,1.01,1.01,0.94,5.05,4,5,17,24.5,1,3,1373,0.07358,1,0.0911294,0.0762732,0.0986077,95800,4,42022,11,0.0582689,-0.0943106,11.47002,10.64595,7.224753,1,0,0,1
0.95,0.86,0.95,4.5,3,2,12.5,17.25,1,0.84,0.89,5.05,3,2,12.5,20.5,0,4,2758,0.037441,1,0.0703755,0.0523969,0.0468085,109700,3,49700,11,-0.0512933,-0.1508229,11.6055,10.81376,7.922261,1,0,0,0
0.95,0.74,2.19,4.25,2,4,10,8.5,0.94,0.73,2.32,5.05,3,4,10.5,6,1,2,5119,0.062179,1,0.0703755,0.0523969,0.0468085,109700,3,49700,11,-0.0512933,-0.3011051,11.6055,10.81376,8.540714,1,0,1,0
0.95,0.74,2.34,5.05,3,4,11,9.5,0.94,0.73,2.32,5.25,3,4,12,9,1,2,10080,0.1491565,1,0.6156687,0.3244063,0.400883,33900,2,20216,6,-0.0512933,-0.3011051,10.43117,9.914229,9.218308,1,0,1,0
1.02,0.79,2.34,5,2,4,11,6.5,0.9,0.73,2.28,5.05,3,4,12,7.5,1,2,10080,0.1491565,1,0.4716138,0.3382175,0.3980173,35500,2,19931,6,0.0198026,-0.2357223,10.47729,9.900032,9.218308,1,0,1,0
0.95,0.89,0.95,4.75,3,2,12.5,14,1,0.85,0.94,5.05,2,2,11.5,11.5,0,4,4975,0.021374,1,0.0075611,0.0324015,0.1034096,100300,2,45405,6,-0.0512933,-0.1165338,11.51592,10.72338,8.51218,1,0,0,0
1.02,0.88,0.91,4.25,2,3,15,5,1.05,1.11,0.94,5.05,5,3,16,11.5,0,1,3290,0.0546088,1,0.208941,0.0766652,0.1043003,80100,6,36921,6,0.0198026,-0.1278334,11.29103,10.51654,8.098643,1,1,0,0
0.95,0.74,2.19,5,3,5,10.5,10,0.95,0.73,2.32,5.05,3,5,12,12.5,1,2,3290,0.0546088,1,0.208941,0.0766652,0.1043003,80100,6,36921,6,-0.0512933,-0.3011051,11.29103,10.51654,8.098643,1,0,1,0
1.02,0.91,0.8,4.75,3,4,16,15.5,1.01,1.01,1.01,5.05,3,4,16,10.5,1,3,3290,0.0546088,1,0.208941,0.0766652,0.1043003,80100,6,36921,6,0.0198026,-0.0943106,11.29103,10.51654,8.098643,1,0,0,1
1.02,0.88,0.94,4.25,1,,16,10,,,,,0,,,0,0,1,3290,0.0546088,1,0.208941,0.0766652,0.1043003,80100,6,36921,6,0.0198026,-0.1278334,11.29103,10.51654,8.098643,1,1,0,0
0.95,0.74,2.19,4.25,3,5,10,5,0.95,0.73,2.32,5.05,4,5,11,4.5,1,2,3290,0.0546088,1,0.208941,0.0766652,0.1043003,80100,6,36921,6,-0.0512933,-0.3011051,11.29103,10.51654,8.098643,1,0,1,0
1.01,0.86,0.95,5.42,3,2,15.5,12,0.94,0.79,1.26,5.67,3,2,14.5,13,0,4,1280,0.0482324,1,0.0702827,0.0343892,0.039478,114800,5,46469,1,0.0099503,-0.1508229,11.65095,10.74654,7.154615,1,0,0,0
1.26,0.99,,5.15,5,4,24,40.5,1.22,,1.05,5.05,4,4,24,22.5,1,3,1280,0.0482324,1,0.0702827,0.0343892,0.039478,114800,5,46469,1,0.2311117,-0.0100503,11.65095,10.74654,7.154615,1,0,0,1
1.12,0.85,2.45,5,3,4,12.5,10,1.05,0.84,2.43,5.05,2,4,12,9.5,0,2,1280,0.0482324,1,0.0702827,0.0343892,0.039478,114800,5,46469,1,0.1133287,-0.1625189,11.65095,10.74654,7.154615,1,0,1,0
1.06,0.95,0.91,4.62,3,3,15,14,1.05,0.74,0.94,5.25,4,3,16,18,0,1,1280,0.0482324,1,0.0702827,0.0343892,0.039478,114800,5,46469,1,0.0582689,-0.0512933,11.65095,10.74654,7.154615,1,1,0,0
1.13,1.06,0.95,4.37,4,3,15,9,1.01,1.01,0.94,5.05,3,3,15,16,0,1,749,0.0371278,1,0.0374786,0.067419,0.0863459,101500,2,34158,7,0.1222176,0.0582689,11.52781,10.43875,6.618739,1,1,0,0
1.01,0.79,0.85,,3,2,14,7,1,0.85,2.11,,2,2,14,14,0,4,163,0.0249977,1,0.0058357,0.0395137,0.0441264,144000,1,49167,7,0.0099503,-0.2357223,11.87757,10.80298,5.09375,1,0,0,0
1.23,1.06,2.3,4.87,3,3,13,10.5,1.23,1.11,2.28,5.05,6,3,16,8,1,3,,,1,0,0.0173754,0.0058224,145300,1,53725,1,0.2070142,0.0582689,11.88656,10.89163,,1,0,0,1
1.06,0.85,3.95,4.62,3,4,12.5,5.5,0.95,0.9,2.43,5.05,3,4,11.5,24,0,2,2763,0.0775566,1,0.3612089,0.0921622,0.1234823,83000,3,36701,1,0.0582689,-0.1625189,11.3266,10.51056,7.924072,1,0,1,0
1.06,0.92,0.87,4.62,3,,16,22.5,1.05,0.94,0.94,5.05,3,,16,19,1,1,2763,0.0775566,1,0.3612089,0.0921622,0.1234823,83000,3,36701,1,0.0582689,-0.0833816,11.3266,10.51056,7.924072,1,1,0,0
1.06,0.86,1.06,,3,2,16,25,1,0.85,1.05,5.25,3,2,15,33,0,4,204,0.0559881,1,0.0645478,0.1094265,0.0934112,91800,1,33510,7,0.0582689,-0.1508229,11.42737,10.4196,5.31812,1,0,0,0
1.06,0.93,0.94,4.5,4,3,15,15.5,1,1.01,0.89,5.05,,3,15,15,0,1,2749,0.0353067,1,0.0398538,0.0624887,0.1187804,110900,2,39203,1,0.0582689,-0.0725707,11.61638,10.57651,7.918993,1,1,0,0
1.12,0.8,2.45,5,2,4,12,9.5,1.05,0.84,2.43,5.05,3,4,11,7,0,2,2749,0.0353067,1,0.0398538,0.0624887,0.1187804,110900,2,39203,1,0.1133287,-0.2231435,11.61638,10.57651,7.918993,1,0,1,0
0.85,,,4.5,2,5,10,3,0.94,0.84,2.52,5.05,3,5,10,4,1,2,3449,0.3166815,1,0.0632467,0.1619619,0.217556,110200,4,28729,7,-0.1625189,,11.61005,10.26566,8.14584,1,0,1,0
1.02,0.91,0.85,4.25,5,3,16,12.5,0.9,0.93,0.92,5.05,6,3,16,15.5,0,1,2914,0.0938127,1,0.252626,0.1596074,0.1174557,70500,3,32635,9,0.0198026,-0.0943106,11.16337,10.39314,7.977282,1,1,0,0
1.06,0.81,2.45,4.25,,5,12.5,12.5,1.05,0.84,2.43,5.05,4,5,12.5,26,0,2,2914,0.0938127,1,0.252626,0.1596074,0.1174557,70500,3,32635,9,0.0582689,-0.210721,11.16337,10.39314,7.977282,1,0,1,0
0.89,0.86,0.95,4.25,3,2,12.5,10,1,0.85,0.95,5.05,2,2,11.5,12.5,0,4,604,0.0610572,1,0.1380891,0.111178,0.11448,67100,3,35998,9,-0.1165338,-0.1508229,11.11394,10.49122,6.403574,1,0,0,0
0.95,0.85,2.45,4.25,3,5,12,13.5,1.05,0.84,2.43,5.05,4,5,12.5,16,0,2,604,0.0610572,1,0.1380891,0.111178,0.11448,67100,3,35998,9,-0.0512933,-0.1625189,11.11394,10.49122,6.403574,1,0,1,0
1.06,0.84,0.89,4.25,2,3,15,15.5,1.05,0.87,0.82,5.05,7,3,16,21,0,1,788,0.0834429,1,0.1064563,0.1088802,0.1303901,84600,7,35488,9,0.0582689,-0.1743534,11.34569,10.47695,6.669498,1,1,0,0
1.02,0.85,0.82,4.25,4,3,15,11,1.05,0.87,0.82,5.05,4,3,16,13,1,1,788,0.0834429,1,0.1064563,0.1088802,0.1303901,84600,7,35488,9,0.0198026,-0.1625189,11.34569,10.47695,6.669498,1,1,0,0
1.02,0.91,0.63,4.5,3,4,11.5,10.5,1.01,0.9,0.63,5.05,4,4,11.5,10.5,0,3,788,0.0834429,1,0.1064563,0.1088802,0.1303901,84600,7,35488,9,0.0198026,-0.0943106,11.34569,10.47695,6.669498,1,0,0,1
1.06,0.8,2.45,4.25,3,4,12.5,12.5,1.01,0.8,2.43,5.2,2,4,12.5,17.5,0,2,788,0.0834429,1,0.1064563,0.1088802,0.1303901,84600,7,35488,9,0.0582689,-0.2231435,11.34569,10.47695,6.669498,1,0,1,0
1.09,1.06,0.79,4.5,4,6,15,11.5,1.02,1.01,1.01,5.05,3,6,15,8.5,1,3,3208,0.3597115,1,0.6073325,0.2838884,0.544033,66900,8,25671,1,0.0861777,0.0582689,11.11095,10.15312,8.073403,1,0,0,1
1.06,1.06,1.02,4.75,4,6,16,14.5,0.96,1.01,0.94,5.05,4,6,15,14.5,1,3,3208,0.3597115,1,0.6073325,0.2838884,0.544033,66900,8,25671,1,0.0582689,0.0582689,11.11095,10.15312,8.073403,1,0,0,1
1.22,0.93,0.96,4.25,2,2,12,4,1.26,1.05,1.05,5.05,3,2,10.5,4,0,1,3208,0.3597115,1,0.6073325,0.2838884,0.544033,66900,8,25671,1,0.1988509,-0.0725707,11.11095,10.15312,8.073403,1,1,0,0
1.22,1.06,0.93,4.25,3,3,11,7,1.26,1.05,1.02,5.05,3,3,10,4,0,1,3208,0.3597115,1,0.6073325,0.2838884,0.544033,66900,8,25671,1,0.1988509,0.0582689,11.11095,10.15312,8.073403,1,1,0,0
1.23,0.98,2.61,4.75,3,3,12,8.5,1.11,0.95,2.59,5.05,4,3,11.5,10,0,2,3208,0.3597115,1,0.6073325,0.2838884,0.544033,66900,8,25671,1,0.2070142,-0.0202027,11.11095,10.15312,8.073403,1,0,1,0
1.05,0.79,0.91,4.37,3,3,16,18.25,1.01,0.92,0.94,5.05,4,3,16,22.5,0,1,1037,0.0339711,1,0.160128,0.0593957,0.0723028,126700,2,50279,5,0.0487901,-0.2357223,11.74958,10.82534,6.944087,1,1,0,0
0.95,,2.13,4.5,4,5,17,20,1.05,0.94,0.94,5.15,4,5,17,25,0,3,4167,0.0292626,1,0.0692627,0.0289506,0.0586896,146500,2,55949,17,-0.0512933,,11.89478,10.9322,8.334951,1,0,0,1
1.2,1.17,2.35,5,2,4,7,3,1.11,1.01,2.23,5.05,2,4,8,6,1,3,1204,0.034968,1,0.111835,0.0160362,0.0129725,204000,1,57672,18,0.1823216,0.1570037,12.22587,10.96253,7.093405,1,0,0,1
1.06,0.91,0.96,4.75,3,2,14,13,1.05,1.01,0.94,5.25,3,2,15,12.5,0,1,1155,0.020202,1,0.0146843,0.0205882,0.0177936,242900,1,69594,26,0.0582689,-0.0943106,12.4004,11.15043,7.051856,1,1,0,0
0.95,0.92,0.95,4.87,3,2,11.5,10.5,1,0.85,0.89,,2,2,11.5,11.5,0,4,2329,0.0234192,1,0.0657143,0.0837864,0.0506108,168900,4,41157,5,-0.0512933,-0.0833816,12.03706,10.62515,7.753194,1,0,0,0
1.02,1.06,0.95,4.25,3,,10.5,8.25,,,,,0,,,0,1,3,2329,0.0234192,1,0.0657143,0.0837864,0.0506108,168900,4,41157,5,0.0198026,0.0582689,12.03706,10.62515,7.753194,1,0,0,1
1.02,0.88,0.82,4.25,4,3,15,10.25,1.04,0.87,0.87,5.05,3,3,15,13,0,1,2329,0.0234192,1,0.0657143,0.0837864,0.0506108,168900,5,41157,5,0.0198026,-0.1278334,12.03706,10.62515,7.753194,1,1,0,0
1.06,0.95,2.66,4.5,3,4,10,12.5,1.01,0.94,2.75,5,3,4,11,7.5,0,2,2329,0.0234192,1,0.0657143,0.0837864,0.0506108,168900,5,41157,5,0.0582689,-0.0512933,12.03706,10.62515,7.753194,1,0,1,0
1.06,1,2.02,4.37,4,6,17,10,1.05,0.94,0.95,5.05,4,6,17,21.5,0,3,11823,0.1001861,1,0.5695518,0.2096856,0.3521739,61900,1,27295,17,0.0582689,0,11.03328,10.21446,9.377802,1,0,0,1
0.93,0.83,0.85,4.5,4,4,16,31,1.05,0.79,0.9,5.05,4,4,16,40,0,1,2198,0.0322808,1,0.0734964,0.0336309,0.096032,112100,4,44598,17,-0.0725707,-0.1863296,11.62715,10.70544,7.695303,1,1,0,0
1,1,,4.5,4,5,17,17,1.05,1.01,0.94,5.05,3,5,17,15.5,0,3,11823,0.1001861,1,0.0734964,0.0336309,0.096032,112100,4,44598,17,0,0,11.62715,10.70544,9.377802,1,0,0,1
1.06,0.95,3.09,4.25,3,5,10,12.5,1.05,0.94,2.75,5.05,3,5,11,7.5,0,2,11823,0.1001861,1,0.0734964,0.0336309,0.096032,112100,4,44598,17,0.0582689,-0.0512933,11.62715,10.70544,9.377802,1,0,1,0
1.09,0.89,0.91,4.25,4,3,16,25,1.05,0.87,0.94,5.05,3,3,16,24,0,1,2198,0.0322808,1,0.0190911,0.0384186,0.0678339,144700,5,51548,17,0.0861777,-0.1165338,11.88242,10.85027,7.695303,1,1,0,0
1.06,0.85,2.49,5.12,2,6,11,14,1.05,0.94,2.6,5.05,3,6,11,12.5,0,2,2198,0.0322808,1,0.0190911,0.0384186,0.0678339,144700,5,51548,17,0.0582689,-0.1625189,11.88242,10.85027,7.695303,1,0,1,0
,,,4.25,3,7,17,27.5,1.05,1,0.63,5.05,5,7,17,27,0,3,2198,0.0322808,1,0.0190911,0.0384186,0.0678339,144700,5,51548,17,,,11.88242,10.85027,7.695303,1,0,0,1
1.04,0.85,0.85,4.25,4,3,16,25,0.94,0.87,0.94,5.05,4,3,16,22.5,0,1,11823,0.1001861,1,0.0190911,0.0384186,0.0678339,144700,5,51548,17,0.0392207,-0.1625189,11.88242,10.85027,9.377802,1,1,0,0
1.04,0.67,0.85,4.37,4,4,16,32,1.11,0.92,1.01,5.05,4,4,16,16,0,1,2259,0.0578616,1,0.3688891,0.1153317,0.1982085,102600,3,37285,17,0.0392207,-0.4004775,11.53859,10.52635,7.722678,1,1,0,0
1.02,0.91,2.28,4.8,4,2,12,,1.01,1.01,0.94,5.05,3,2,13,27.5,0,4,2259,0.0578616,1,0.3688891,0.1153317,0.1982085,102600,3,37285,17,0.0198026,-0.0943106,11.53859,10.52635,7.722678,1,0,0,0
1.06,1,2.13,4.75,3,6,12.5,16,1.22,1.37,0.89,5.05,4,6,13.5,20,0,3,1179,0.0795362,1,0.0726936,0.0297103,0.0335308,180200,3,62684,17,0.0582689,0,12.10182,11.04586,7.072422,1,0,0,1
1.02,0.98,0.95,4.6,4,3,17,15.5,1.05,1.01,2,5.05,3,3,17,15,0,3,1179,0.0795362,1,0.0726936,0.0297103,0.0335308,180200,3,62684,17,0.0198026,-0.0202027,12.10182,11.04586,7.072422,1,0,0,1
1.02,0.75,2.56,4.25,4,3,10,6,1.05,0.8,2.54,5.05,3,3,10,8,0,2,1846,0.0618229,1,0.1362687,0.1549544,0.1834426,107900,3,36633,23,0.0198026,-0.2876821,11.58896,10.50871,7.520776,1,0,1,0
1.04,0.85,0.91,4.5,5,3,16,19,1.05,0.9,0.94,5.05,5,3,16,27,0,1,331,0.0402311,1,0.1362687,0.1549544,0.1834426,107900,3,36633,23,0.0392207,-0.1625189,11.58896,10.50871,5.802118,1,1,0,0
1.06,0.8,2.56,4.25,4,3,10,19.5,1.05,0.75,2.53,5.05,3,3,10,7,0,2,2518,0.0296963,1,0.0024945,0.0453767,0.0710941,134000,3,41129,23,0.0582689,-0.2231435,11.8056,10.62447,7.83122,1,0,1,0
1.09,0.95,1.04,5,3,3,16,13,1.11,1.01,1.05,5.5,6,3,16,18.5,1,1,2518,0.0296963,1,0.0024945,0.0453767,0.0710941,134000,3,41129,23,0.0861777,-0.0512933,11.8056,10.62447,7.83122,1,1,0,0
1.23,,2.3,4.75,5,5,24,80,1.22,1.17,2.32,5.05,4,5,24,55,1,3,262,0.0272345,1,0.0045422,0.0456026,0.0409357,127300,1,41525,23,0.2070142,,11.7543,10.63405,5.568345,1,0,0,1
1.06,0.94,1.1,4.25,4,3,15,16.5,1.05,1.05,1.04,5.05,4,3,15,15,0,1,3240,0.0493827,1,0.0862337,0.0718378,0.114218,109400,2,32104,23,0.0582689,-0.0618754,11.60277,10.37674,8.083328,1,1,0,0
1.06,0.86,1.02,4.5,,3,15,7.5,1,0.99,1.04,5.05,5,3,15,15,0,1,262,0.0272345,1,0.0013052,0.0349272,0.026936,130400,2,41759,23,0.0582689,-0.1508229,11.77836,10.63967,5.568345,1,1,0,0
1.09,0.95,1.03,4.25,4,3,15,13,1.11,1.01,1.05,5.05,3,3,15,17,1,1,4913,0.0331188,1,0.0060946,0.0380384,0.0774101,160300,4,45907,23,0.0861777,-0.0512933,11.9848,10.73437,8.49964,1,1,0,0
1.2,1.18,1.06,4.75,3,8,15,12,1.15,1.1,1.05,5.05,3,8,15,16,0,3,4913,0.0331188,1,0.0060946,0.0380384,0.0774101,160300,4,45907,23,0.1823216,0.1655144,11.9848,10.73437,8.49964,1,0,0,1
1.06,0.8,2.56,4.25,4,3,10,10,1.05,0.9,2.53,5.05,3,3,10,9.5,0,2,4913,0.0331188,1,0.0060946,0.0380384,0.0774101,160300,4,45907,23,0.0582689,-0.2231435,11.9848,10.73437,8.49964,1,0,1,0
1.06,1.01,2.66,4.5,3,3,10.5,6.5,1.05,1,2.75,5.05,3,3,10.5,5,0,2,1999,0.0314435,1,0,0.0401401,0.0496894,311700,1,63278,19,0.0582689,0.0099503,12.6498,11.05529,7.600402,1,0,1,0
0.95,0.84,0.94,4.62,3,2,11.5,50,1,0.84,0.94,5.05,3,2,12.5,16,0,4,1835,0.0461039,1,0.0173525,0.1702234,0.1388439,146100,2,29797,23,-0.0512933,-0.1743534,11.89205,10.30216,7.5148,1,0,0,0
1.06,0.8,2.56,5,5,3,10,12.5,1.05,0.79,2.53,5.05,4,3,10,12,0,2,1835,0.0461039,1,0.0076008,0.0502619,0.0639587,143500,6,46701,23,0.0582689,-0.2231435,11.87409,10.75152,7.5148,1,0,1,0
1.09,0.93,1.04,4.25,4,3,17,19,1.11,1.05,1.05,5.05,4,3,17,15,1,1,1835,0.0461039,1,0.0076008,0.0502619,0.0639587,143500,6,46701,23,0.0861777,-0.0725707,11.87409,10.75152,7.5148,1,1,0,0
1.12,1.02,1.02,5.5,3,5,12.5,17,1.11,1.01,1.05,5.05,3,5,12.5,17.5,0,1,1835,0.0461039,1,0.0076008,0.0502619,0.0639587,143500,6,46701,23,0.1133287,0.0198026,11.87409,10.75152,7.5148,1,1,0,0
1.06,0.85,2.34,5,4,4,10,9,1.05,0.84,2.53,5.05,4,4,10,3.5,1,2,970,0.059417,1,0.011629,0.0309036,0.0540894,165800,1,52913,26,0.0582689,-0.1625189,12.01854,10.8764,6.877296,1,0,1,0
1.06,0.91,1.04,4.25,3,2,15,13,1.16,0.94,1.12,5.05,4,2,15,24,0,1,1962,0.0415863,1,0.0231497,0.0225605,0.038316,188400,8,63905,18,0.0582689,-0.0943106,12.14632,11.06515,7.58172,1,1,0,0
1.1,1,0.74,5.25,3,4,16,30,1.11,1,0.89,5.05,4,4,16,16,0,3,1962,0.0415863,1,0.0231497,0.0225605,0.038316,188400,8,63905,18,0.0953102,0,12.14632,11.06515,7.58172,1,0,0,1
1.13,0.98,1.04,4.5,3,3,16,16,1.05,1.05,1.05,5.05,4,3,16,15,1,1,1962,0.0415863,1,0.0231497,0.0225605,0.038316,188400,8,63905,18,0.1222176,-0.0202027,12.14632,11.06515,7.58172,1,1,0,0
0.91,0.85,1.06,5.05,3,2,12.5,25,0.94,0.94,1.26,5.05,3,2,12.5,22.5,0,4,1962,0.0415863,1,0.0231497,0.0225605,0.038316,188400,8,63905,18,-0.0943106,-0.1625189,12.14632,11.06515,7.58172,1,0,0,0
1.09,,0.95,4.62,3,4,16,18,1.11,1.06,0.94,5.05,3,4,16,19.75,0,3,1962,0.0415863,1,0.0231497,0.0225605,0.038316,188400,8,63905,18,0.0861777,,12.14632,11.06515,7.58172,1,0,0,1
,,,,4,5,12.5,20,1.16,1.06,1.05,5.05,3,5,11.5,20,0,3,1962,0.0415863,1,0.0231497,0.0225605,0.038316,188400,8,63905,18,,,12.14632,11.06515,7.58172,1,0,0,1
1.12,1.07,1.1,4.25,5,,17,21.75,,,,,,,16,,1,3,2893,0.0411818,1,0.0646623,0.0381158,0.0336869,161200,4,51806,18,0.1133287,0.0676587,11.9904,10.85526,7.970049,1,0,0,1
1.49,1.02,1.11,4.25,2,8,13,15.25,1.39,0.95,1.21,5.05,3,8,13,28,0,1,2893,0.0411818,1,0.0646623,0.0381158,0.0336869,161200,4,51806,18,0.3987761,0.0198026,11.9904,10.85526,7.970049,1,1,0,0
0.91,0.86,1.06,4.5,3,2,11.5,20,1,0.94,1.05,5.67,5,2,11.5,22.5,0,4,2893,0.0411818,1,0.0646623,0.0381158,0.0336869,161200,4,51806,18,-0.0943106,-0.1508229,11.9904,10.85526,7.970049,1,0,0,0
1.06,0.95,1.01,,5,3,14.5,10,1.05,0.94,1,5.05,4,3,14,17.5,0,1,2893,0.0411818,1,0.0464232,0.0228436,0.0322058,230100,2,65339,18,0.0582689,-0.0512933,12.34627,11.08734,7.970049,1,1,0,0
1.12,1.07,1.06,4.75,2,5,17,14,1.11,1.06,2.11,5.05,3,5,15,13,1,3,3784,0.0308694,1,0.0443038,0.0263239,0.0510308,156200,1,50884,18,0.1133287,0.0676587,11.95889,10.8373,8.238537,1,0,0,1
1.12,1.07,1,4.5,3,5,18,19.75,1.11,1.06,1.05,5.05,4,5,16,21,1,3,2893,0.0411818,1,0.0175085,0.0592482,0.0806025,174100,1,51781,13,0.1133287,0.0676587,12.06738,10.85478,7.970049,1,0,0,1
1.02,0.91,1.06,4.75,4,2,12.5,17.5,1.05,0.84,1.34,5.05,3,2,12.5,22.5,0,4,4656,0.0317088,1,0.0626876,0.0301999,0.0758146,171100,1,56442,18,0.0198026,-0.0943106,12.05,10.94097,8.445912,1,0,0,0
1.02,0.91,2.57,5.5,4,2,13,14,0.95,0.89,1.19,5.05,6,2,12.5,27.5,0,4,2491,0.031982,1,0.1732801,0.0288357,0.0327436,169600,4,56126,18,0.0198026,-0.0943106,12.0412,10.93535,7.820439,1,0,0,0
1.03,1.06,2.56,5.25,3,4,11,12,1,1.05,2.64,5.05,5,4,12.5,13.5,0,2,2491,0.031982,1,0.1732801,0.0288357,0.0327436,169600,4,56126,18,0.0295588,0.0582689,12.0412,10.93535,7.820439,1,0,1,0
1.06,0.95,1.01,4.75,4,4,16,22.5,1.05,0.94,1,5.05,4,4,,25,0,1,2491,0.031982,1,0.1732801,0.0288357,0.0327436,169600,4,56126,18,0.0582689,-0.0512933,12.0412,10.93535,7.820439,1,1,0,0
0.95,0.95,1.06,5.5,2,,12.5,,,,,5.5,5,,12,23.5,0,4,2491,0.031982,1,0.1732801,0.0288357,0.0327436,169600,4,56126,18,-0.0512933,-0.0512933,12.0412,10.93535,7.820439,1,0,0,0
1.06,0.95,1,,4,3,16,11,1.05,0.9,0.98,5.05,5,3,16,22,0,1,1474,0.0289509,1,0.0319995,0.0213687,0.0540129,166100,2,55852,18,0.0582689,-0.0512933,12.02035,10.93046,7.295735,1,1,0,0
0.91,0.85,2.34,4.5,4,4,12.5,15,1.01,1.01,2.49,5.05,2,4,12,7.5,0,2,9223,0.0727238,1,0.1120184,0.1464824,0.2527899,126100,3,33462,18,-0.0943106,-0.1625189,11.74483,10.41817,9.129456,1,0,1,0
1.06,1.06,1.06,5.5,4,5,17,27.5,1.05,1.11,1.05,5.05,3,5,15,19,0,3,9223,0.0727238,1,0.1120184,0.1464824,0.2527899,126100,3,33462,18,0.0582689,0.0582689,11.74483,10.41817,9.129456,1,0,0,1
1.05,0.95,0.98,4.25,5,3,17,25,0.98,0.82,0.76,5.05,6,3,17.5,20,0,1,5433,0.019293,1,0.0118853,0.0750053,0.126871,108900,2,38782,29,0.0487901,-0.0512933,11.59819,10.56571,8.600246,1,1,0,0
0.95,0.95,1.06,5.37,3,,11.5,15,,,,,,,,,0,4,2108,0.0339564,1,0.0425708,0.0235555,0.0715638,153400,2,51471,18,-0.0512933,-0.0512933,11.9408,10.84877,7.653495,1,0,0,0
1.07,0.95,0.95,4.75,5,3,16,17.5,1.11,0.94,0.94,5.25,4,3,16.5,40,0,1,912,0.0425666,1,0.2369736,0.0373703,0.0482296,164000,2,60173,26,0.0676587,-0.0512933,12.00762,11.00498,6.81564,1,1,0,0
1.28,1.06,2.3,4.5,5,2,24,30,,,,5.5,3,2,14,25,1,3,2108,0.0339564,1,0.018886,0.0623847,0.0983291,136200,1,44987,18,0.2468601,0.0582689,11.82188,10.71413,7.653495,1,0,0,1
1.06,0.85,2.34,5,2,3,11,10.25,1.05,0.79,2.32,5.05,2,3,11,11,1,2,2607,0.0488062,1,0.1092738,0.0269086,0.0534391,177600,2,57139,18,0.0582689,-0.1625189,12.08729,10.95324,7.865955,1,0,1,0
1.06,0.95,1.06,4.75,4,4,17,32.5,1.05,0.95,1.01,5.05,4,4,17,13.5,0,1,2607,0.0488062,1,0.1092738,0.0269086,0.0534391,177600,2,57139,18,0.0582689,-0.0512933,12.08729,10.95324,7.865955,1,1,0,0
0.98,0.84,0.84,4.25,7,6,16.5,25.5,0.98,0.84,0.86,4.25,7,6,16.5,18.5,0,1,2748.2,0.0532673,2,0.0218909,0.0715815,0.0799149,122800,4,43886,15,-0.0202027,-0.1743534,11.71831,10.68935,7.918702,0,1,0,0
0.98,0.82,0.8,4.25,7,3,16.5,20,0.98,0.82,0.87,4.25,6,3,17.5,19.5,0,1,2748.2,0.0532673,2,0.0218909,0.0715815,0.0799149,122800,4,43886,15,-0.0202027,-0.198451,11.71831,10.68935,7.918702,0,1,0,0
1.01,0.89,3.5,4.5,3,4,12,11,1.01,0.89,2.35,4.75,3,4,13,14,0,2,2748.2,0.0532673,2,0.0144756,0.0652374,0.1179583,87800,1,36388,15,0.0099503,-0.1165338,11.38282,10.50199,7.918702,0,0,1,0
0.98,0.82,0.85,4.25,6,3,16.5,13.5,0.94,0.78,0.91,4.25,6,3,17.5,21,0,1,6451.463,0.0578806,2,0.0427765,0.0727119,0.1171368,104400,2,37883,22,-0.0202027,-0.198451,11.55598,10.54226,8.772062,0,1,0,0
0.87,0.77,0.95,5,5,3,12,15.5,,0.84,1.79,,,3,12,,1,4,6451.463,0.0578806,2,0.0427765,0.0727119,0.1171368,104400,4,37883,22,-0.1392621,-0.2613648,11.55598,10.54226,8.772062,0,0,0,0
0.87,0.79,0.9,4.67,3,2,12,35,1.01,0.78,0.9,4.5,4,2,12,16,1,4,4011.429,0.0257301,2,0.0073235,0.0360799,0.0717868,111400,2,42350,15,-0.1392621,-0.2357223,11.62088,10.65372,8.296903,0,0,0,0
1.05,0.86,0.86,4.5,,3,17,32.5,1.05,0.86,0.86,4.25,2,3,18,22.5,0,1,854.4,0.0114767,2,0.0084183,0.0369217,0.0164766,141500,1,50099,15,0.0487901,-0.1508229,11.86005,10.82176,6.7504,0,1,0,0
0.87,0.77,1.65,5.5,5,2,12,19,1.01,0.84,0.95,4.75,6,2,12,29.5,1,4,1763.923,0.058349,2,0.0133469,0.0510291,0.0847772,98500,4,38465,15,-0.1392621,-0.2613648,11.49781,10.5575,7.475296,0,0,0,0
1.01,0.89,2.35,4.25,3,5,13,7.5,1,0.89,2.35,4.25,3,5,13,13.5,0,2,1763.923,0.058349,2,0.0133469,0.0510291,0.0847772,98500,4,38465,15,0.0099503,-0.1165338,11.49781,10.5575,7.475296,0,0,1,0
1.03,1.03,0.52,,3,4,16.5,37.5,1.03,,0.94,4.3,3,4,16.5,21,0,1,687.667,0.0531915,2,0.0036328,0.0581477,0.0337733,105000,2,35812,22,0.0295588,0.0295588,11.56172,10.48604,6.533305,0,1,0,0
1.03,0.73,0.52,4.25,2,4,17.5,17,1.05,,0.63,,3,4,16.5,12.5,0,1,2122.308,0.0177601,2,0,0.0887433,0.0120482,112300,1,38844,22,0.0295588,-0.3147107,11.62893,10.56731,7.66026,0,1,0,0
0.94,0.74,0.86,4.25,5,2,11.5,20,0.98,0.84,0.86,4.25,5,2,12,20,0,4,6045.257,0.0601558,2,0.153981,0.3404654,0.5432357,49300,2,18963,15,-0.0618754,-0.3011051,10.80568,9.850245,8.707029,0,0,0,0
0.91,0.89,0.81,4.25,3,2,10.5,7.5,1.01,0.84,0.86,4.25,4,2,10.5,8,0,4,6045.257,0.0601558,2,0.153981,0.3404654,0.5432357,49300,2,18963,15,-0.0943106,-0.1165338,10.80568,9.850245,8.707029,0,0,0,0
0.98,0.83,0.86,4.5,5,3,16.5,19,0.94,,,4.25,5,3,16.5,11,0,1,6045.257,0.0601558,2,0.0343853,0.0821592,0.0940994,91000,7,36871,15,-0.0202027,-0.1863296,11.41861,10.51518,8.707029,0,1,0,0
1.01,0.84,0.63,4.25,3,4,14,16,0.98,0.79,0.87,4.38,5,4,14,20,0,1,6045.257,0.0601558,2,0.0343853,0.0821592,0.0940994,91000,7,36871,15,0.0099503,-0.1743534,11.41861,10.51518,8.707029,0,1,0,0
0.87,0.77,1.01,4.75,3,2,12,20.5,1.04,0.84,0.94,4.5,4,2,12,14,1,4,6045.257,0.0601558,2,0.0343853,0.0821592,0.0940994,91000,7,36871,15,-0.1392621,-0.2613648,11.41861,10.51518,8.707029,0,0,0,0
0.98,0.83,0.86,4.25,6,3,16,12,0.98,0.75,0.86,4.25,2,3,17.5,17,0,1,6045.257,0.0601558,2,0.0343853,0.0821592,0.0940994,91000,7,36871,15,-0.0202027,-0.1863296,11.41861,10.51518,8.707029,0,1,0,0
1.01,0.9,2.35,,4,4,13,9.75,1.01,0.89,2.35,4.45,4,4,13,7.5,0,2,6045.257,0.0601558,2,0.0343853,0.0821592,0.0940994,91000,7,36871,15,0.0099503,-0.1053605,11.41861,10.51518,8.707029,0,0,1,0
0.87,0.82,1.79,5,4,2,12,30,0.92,0.79,0.87,5.25,2,2,12,18,1,4,6045.257,0.0601558,2,0.011649,0.0321562,0.0797298,114100,2,46197,15,-0.1392621,-0.198451,11.64483,10.74067,8.707029,0,0,0,0
1,0.87,0.94,4.35,4,3,16,17,1,0.74,0.95,4.25,3,3,16,14.5,0,1,4219.492,0.0229363,2,0.0026857,0.1216933,0.1995164,44200,3,27960,16,0,-0.1392621,10.69648,10.23853,8.34747,0,1,0,0
0.95,0.73,0.8,4.25,4,3,16,25,0.94,0.74,0.74,,4,3,16,21,0,1,374.7337,0.0118427,2,0.001853,0.0877029,0.1285714,65700,2,34384,14,-0.0512933,-0.3147107,11.09285,10.44535,5.926216,0,1,0,0
0.89,0.79,2.01,4.25,3,2,11.5,12.5,1,0.8,1.8,,3,2,11.5,15,0,4,3217.059,0.012068,2,0.0021295,0.0346845,0.0511178,108900,2,43847,14,-0.1165338,-0.2357223,11.59819,10.68846,8.076222,0,0,0,0
0.89,0.77,0.84,4.25,3,2,11.5,35,1,0.8,1.81,4.25,3,2,11.5,15,0,4,2280.726,0.034948,2,0,0.109913,0.2226584,55700,2,27759,14,-0.1165338,-0.2613648,10.92774,10.23132,7.732249,0,0,0,0
0.95,0.75,,4.25,5,3,16,40,0.95,0.8,0.8,4.25,4,3,16,33.5,0,1,2280.726,0.034948,2,0,0.109913,0.2226584,55700,2,27759,14,-0.0512933,-0.2876821,10.92774,10.23132,7.732249,0,1,0,0
0.89,0.79,1.8,4.25,4,2,11.5,13.5,1,0.8,1.81,4.35,4,2,11.5,15,0,4,2280.726,0.0051802,2,0.0106243,0.1832357,0.1993483,49300,3,26355,14,-0.1165338,-0.2357223,10.80568,10.17941,7.732249,0,0,0,0
0.89,0.8,0.84,4.25,3,2,12.5,22,0.89,,0.79,4.5,4,2,11.5,27.5,0,4,2280.726,0.034948,2,0.0216164,0.1457786,0.2291949,64500,1,32218,14,-0.1165338,-0.2231435,11.07442,10.38028,7.732249,0,0,0,0
0.94,0.74,0.79,4.5,5,3,16,47.5,0.94,0.74,0.79,5.05,4,3,16,30,0,1,10336.67,0.020832,2,0,0.10523,0.1855899,66400,2,30734,14,-0.0618754,-0.3011051,11.10345,10.33313,9.243453,0,1,0,0
0.95,0.75,0.79,4.25,3,3,15.5,19.75,0.94,0.74,0.79,4.25,5,3,15.5,16,0,1,2280.726,0.034948,2,0.00283,0.0748924,0.1423832,69500,1,30833,14,-0.0512933,-0.2876821,11.14908,10.33634,7.732249,0,1,0,0
1.01,0.84,2.43,4.25,3,2,8,4.5,0.95,0.84,2.43,4.25,3,2,9,6.5,0,2,370.7,0.0168951,2,0.0023693,0.127441,0.1819918,52200,1,29091,16,0.0099503,-0.1743534,10.86284,10.27818,5.915393,0,0,1,0
0.95,0.75,0.8,4.25,4,3,15,32.5,0.91,0.73,0.75,4.25,3,3,16,24,0,1,370.7,0.0144537,2,0,0.0849315,0.1234234,66600,2,33696,16,-0.0512933,-0.2876821,11.10646,10.42513,5.915393,0,1,0,0
,,0.52,4.25,3,4,16.5,12.5,0.41,0.84,0.89,4.4,8,4,16,6,0,1,1139,0.0359965,2,0.0145094,0.0637532,0.0758323,74800,2,32161,16,,,11.22257,10.37851,7.037906,0,1,0,0
1.05,1.01,0.94,5,3,5,15,18,0.96,1.01,1.01,5,3,5,16,18,0,3,4783.75,0.0104521,2,0.0089542,0.004298,0.0071392,172700,2,59721,20,0.0487901,0.0099503,12.05931,10.99744,8.47298,0,0,0,1
1.05,0.9,2.01,5,3,3,16,33,1.02,1.01,0.84,4.9,4,3,16,15,1,3,4520.5,0.0307488,2,0.0103555,0.0429921,0.062506,115700,3,40831,4,0.0487901,-0.1053605,11.65876,10.6172,8.416378,0,0,0,1
0.97,0.86,0.91,4.5,4,3,19,44.5,1.01,0.88,0.91,4.35,4,3,18,23,0,1,4520.5,0.0307488,2,0.0103555,0.0429921,0.062506,115700,3,40831,4,-0.0304592,-0.1508229,11.65876,10.6172,8.416378,0,1,0,0
0.94,0.73,2.32,5,2,4,10,7,0.9,0.73,2.32,5,2,4,10.5,6.5,1,2,2856.111,0.006035,2,0.0008917,0.011649,0.0118074,209900,1,66147,4,-0.0618754,-0.3147107,12.25439,11.09964,7.957216,0,0,1,0
0.95,0.79,0.91,4.25,3,3,18,21,0.96,0.84,1.18,4.75,3,3,18,20,0,1,4996.667,0.0248499,2,0.0094937,0.0504995,0.0809199,116300,2,38788,20,-0.0512933,-0.2357223,11.66393,10.56587,8.516526,0,1,0,0
0.95,0.74,2.33,,2,4,10,6.5,0.95,0.74,2.33,5,4,4,11,6.5,1,2,1412.9,0.0107989,2,0.007889,0.024632,0.0480313,174100,2,59286,4,-0.0512933,-0.3011051,12.06738,10.99013,7.2534,0,0,1,0
,,,4.87,3,3,18,12.5,0.97,0.84,0.73,5,5,3,18,22.5,0,1,6546.25,0.0566164,2,0.1215625,0.1088358,0.1377158,86900,2,35537,4,,,11.37251,10.47833,8.786648,0,1,0,0
0.94,0.9,0.94,4.5,3,6,16,15,0.95,0.95,1.05,4.25,3,6,16,31,0,3,1412.9,0.0107989,2,0.0370746,0.0263158,0.056633,144800,1,55759,20,-0.0618754,-0.1053605,11.88311,10.92879,7.2534,0,0,0,1
1.05,1.01,1.11,5,3,6,12.5,12.5,1.01,1.01,0.89,4.75,4,6,12,13.5,1,3,2946.753,0.0517956,2,0.0544514,0.0502634,0.0707113,117600,3,43570,4,0.0487901,0.0099503,11.67504,10.68212,7.988459,0,0,0,1
0.94,0.73,2.53,4.5,3,4,10,5.5,0.94,0.73,2.64,5,5,4,11,9,1,2,896.5,0.006035,2,0.0166479,0.0504494,0.0877267,114500,2,46296,4,-0.0618754,-0.3147107,11.64833,10.74281,6.798498,0,0,1,0
1.05,0.91,1.05,4.75,3,5,16,17.25,1.01,0.95,0.89,4.91,2,5,14,8,1,3,1412.9,0.0107989,2,0.0145029,0.0928655,0.0784191,158700,2,54084,20,0.0487901,-0.0943106,11.97477,10.89829,7.2534,0,0,0,1
1.05,0.91,1.05,4.25,4,5,16,19.5,1.05,1.01,,,3,5,15,11.25,1,3,1412.9,0.0107989,2,0.0577932,0.0381418,0.0715134,123100,2,48141,20,0.0487901,-0.0943106,11.72075,10.78189,7.2534,0,0,0,1
0.84,0.84,0.94,4.25,3,3,16.5,21.5,1.03,0.91,0.91,4.75,6,3,18,37.5,0,1,1412.9,0.0107989,2,0.0577932,0.0381418,0.0715134,123100,2,48141,20,-0.1743534,-0.1743534,11.72075,10.78189,7.2534,0,1,0,0
1.05,0.95,1.16,5,3,3,16,11,1,1.01,0.94,4.25,3,3,15.5,10.5,1,3,4954,0.0205894,2,0.0092423,0.0341204,0.0585505,131200,2,45772,20,0.0487901,-0.0512933,11.78448,10.73143,8.507951,0,0,0,1
1.05,0.94,1.16,5,4,5,16,15,1.01,1.01,0.94,4.75,3,5,16,14.5,1,3,1289.006,0.0198712,2,0.0442396,0.0142377,0.0335069,136400,2,49038,20,0.0487901,-0.0618754,11.82335,10.80035,7.161627,0,0,0,1
0.97,0.82,0.84,4.75,3,3,16.5,12.5,0.91,0.84,0.86,4.75,3,3,18,31.5,0,1,5406,0.006035,2,0.0267276,0.0422458,0.0628277,159400,4,51489,4,-0.0304592,-0.198451,11.97917,10.84912,8.595264,0,1,0,0
1.04,0.88,0.94,5,3,3,18,67.5,1.04,0.86,0.94,4.75,5,3,18,24,0,1,896.5,0.006035,2,0.0523678,0.040337,0.0452868,133100,3,46886,4,0.0392207,-0.1278334,11.79886,10.75547,6.798498,0,1,0,0
1.05,0.84,0.96,5,5,6,24,18.5,1.11,0.84,0.94,5,6,6,24,30.5,0,1,896.5,0.006035,2,0.0523678,0.040337,0.0452868,133100,3,46886,4,0.0487901,-0.1743534,11.79886,10.75547,6.798498,0,1,0,0
0.97,0.84,0.91,4.75,4,3,18,17,0.96,0.83,0.87,4.5,3,3,18,21.5,0,1,896.5,0.006035,2,0.0115231,0.0308797,0.0354898,102500,1,45160,4,-0.0304592,-0.1743534,11.53762,10.71797,6.798498,0,1,0,0
0.73,0.73,2.32,5.25,5,4,10,6,0.94,0.84,2.32,5,2,4,11,9,1,2,896.5,0.006035,2,0.0221449,0.0413478,0.0355017,95800,2,40648,4,-0.3147107,-0.3147107,11.47002,10.61271,6.798498,0,0,1,0
1.03,0.84,0.94,4.5,3,4,18,,0.97,0.84,0.91,5,4,4,18,19,0,1,896.5,0.006035,2,0.0084763,0.034907,0.0368086,119800,2,46705,4,0.0295588,-0.1743534,11.69358,10.75161,6.798498,0,1,0,0
0.94,0.8,0.94,4.75,4,2,11.5,16.75,0.94,,,,3,2,11.5,20,0,4,896.5,0.006035,2,0.0618702,0.0446208,0.0384408,98700,2,43047,4,-0.0618754,-0.2231435,11.49984,10.67005,6.798498,0,0,0,0
1.05,0.9,0.94,4.25,3,4,16,15,1.01,1.01,0.89,4.35,5,4,15,10,1,3,896.5,0.006035,2,,,,,1,,4,0.0487901,-0.1053605,,,6.798498,0,0,0,1
0.97,0.84,0.91,4.75,4,3,16.5,14.5,0.97,0.84,1,4.5,3,3,18,38.25,0,1,1412.9,0.0107989,2,0.1210589,0.0359122,0.0555331,125100,2,45763,20,-0.0304592,-0.1743534,11.73687,10.73123,7.2534,0,1,0,0
1.01,0.91,1.05,4.75,3,6,16.5,12,1.01,1.01,0.89,4.75,3,6,15,9.5,1,3,3634.487,0.0329994,2,0.1210589,0.0359122,0.0555331,125100,2,45763,20,0.0099503,-0.0943106,11.73687,10.73123,8.198223,0,0,0,1
0.91,0.84,0.85,4.75,3,2,12,25,0.98,0.84,0.9,5,3,2,12,23.75,1,4,8844,0.0697487,2,0.1855296,0.0707771,0.1661133,96300,6,40370,20,-0.0943106,-0.1743534,11.47522,10.60584,9.087495,0,0,0,0
0.95,0.74,2.53,5.25,3,3,10,13.75,0.74,0.73,2.53,5,3,3,11,17,1,2,8844,0.0697487,2,0.1855296,0.0707771,0.1661133,96300,6,40370,20,-0.0512933,-0.3011051,11.47522,10.60584,9.087495,0,0,1,0
0.92,0.72,0.96,5,5,3,18,21.5,0.92,0.81,0.87,4.5,4,3,18,26.5,0,1,8844,0.0697487,2,0.1855296,0.0707771,0.1661133,96300,6,40370,20,-0.0833816,-0.328504,11.47522,10.60584,9.087495,0,1,0,0
1.05,0.79,1.01,5,3,5,16,26.5,1.01,1.01,0.94,4.75,3,5,15,12.5,0,3,2273.39,0.0310892,2,0.1855296,0.0707771,0.1661133,96300,6,40370,20,0.0487901,-0.2357223,11.47522,10.60584,7.729027,0,0,0,1
0.9,0.69,1.75,5,5,2,12,14,0.9,0.69,0.94,5,5,2,12,15.5,1,4,6171.429,0.0697487,2,0.0393387,0.0237512,0.0369079,142200,3,53087,20,-0.1053605,-0.3710637,11.86499,10.87969,8.727686,0,0,0,0
1.05,1.01,1.05,5,4,5,16,16.25,1.01,1.01,1.05,5,3,5,16,11,1,3,13176,0.0697487,2,0.0393387,0.0237512,0.0369079,142200,3,53087,20,0.0487901,0.0099503,11.86499,10.87969,9.486153,0,0,0,1
0.94,0.73,2.32,5,1,4,10,8.5,0.95,0.74,2.33,4.75,3,4,11,10.5,1,2,6171.429,0.0697487,2,0.0055684,0.066641,0.2069127,87200,1,35453,20,-0.0618754,-0.3147107,11.37596,10.47596,8.727686,0,0,1,0
1.13,0.98,1.01,5,3,3,12.5,10.5,1.09,0.94,0.94,4.5,3,3,13,15,0,1,1412.9,0.0107989,2,0.0302522,0.0251859,0.0368119,141400,4,54252,20,0.1222176,-0.0202027,11.85935,10.90139,7.2534,0,1,0,0
1.11,0.91,0.95,5,2,6,11.5,13,1.05,1.01,0.94,4.75,3,6,11,16,1,3,1412.9,0.0107989,2,0.0302522,0.0251859,0.0368119,141400,4,54252,20,0.10436,-0.0943106,11.85935,10.90139,7.2534,0,0,0,1
0.97,0.84,0.94,5.5,3,3,18,25.5,1.03,0.84,0.94,4.75,3,3,18,23,0,1,8844,0.0697487,2,0.0475331,0.0198634,0.0228396,220800,1,70037,20,-0.0304592,-0.1743534,12.30501,11.15678,9.087495,0,1,0,0
0.95,0.94,0.95,5,3,4,18,55,0.97,0.84,0.86,5,4,4,18,25,0,1,7379.091,0.0368363,2,0.0568067,0.065327,0.1163294,103000,3,37830,20,-0.0512933,-0.0618754,11.54248,10.54086,8.906405,0,1,0,0
1.05,0.91,0.95,4.5,2,,13,16.5,,,,,0,,,0,0,3,4783.75,0.0104521,2,0.0338346,0.0366492,0,196300,1,83379,20,0.0487901,-0.0943106,12.1874,11.33115,8.47298,0,0,0,1
0.97,1.05,0.91,4.25,3,3,16.5,38.5,0.96,0.84,0.91,4.9,3,3,17,20.5,0,1,5679.655,0.0324813,2,0.0224585,0.02757,0.0672836,141800,5,51025,20,-0.0304592,0.0487901,11.86217,10.84007,8.644646,0,1,0,0
1.05,1.01,0.94,5,2,6,14,16.5,1.01,1.01,1.05,4.25,3,6,11.5,11.5,0,3,5679.655,0.0324813,2,0.0224585,0.02757,0.0672836,141800,5,51025,20,0.0487901,0.0099503,11.86217,10.84007,8.644646,0,0,0,1
0.91,0.84,0.84,4.5,3,2,12,19.5,1.01,0.9,0.79,,5,2,12,,1,4,5679.655,0.0324813,2,0.0224585,0.02757,0.0672836,141800,5,51025,20,-0.0943106,-0.1743534,11.86217,10.84007,8.644646,0,0,0,0
1.05,0.9,0.73,5,3,,16,17.5,1.01,1.01,0.89,4.75,3,,16,15,1,3,4098.919,0.0298694,2,0.0346725,0.0077434,0.0254351,102300,1,42298,8,0.0487901,-0.1053605,11.53566,10.6525,8.318479,0,0,0,1
0.97,0.78,0.99,4.25,4,3,16.5,22,0.96,0.84,0.89,6.25,4,3,17,16,0,1,4098.919,0.0298694,2,0.0392693,0.0364045,0.076106,121600,3,46988,8,-0.0304592,-0.2484614,11.70849,10.75765,8.318479,0,1,0,0
0.95,0.74,2.33,4.5,3,4,10,5.5,1.01,0.73,2.32,4.5,3,4,11,10,1,2,4098.919,0.0298694,2,0.0392693,0.0364045,0.076106,121600,3,46988,8,-0.0512933,-0.3011051,11.70849,10.75765,8.318479,0,0,1,0
1.11,1.05,0.94,4.5,3,2,12.5,10,1.11,1.11,1.05,4.5,2,2,12.5,11.5,1,3,1412.9,0.0107989,2,0.0297277,0.0167543,0.0359461,154200,2,54632,20,0.10436,0.0487901,11.94601,10.90837,7.2534,0,0,0,1
0.95,0.74,2.33,4.75,3,4,10,8,0.95,0.84,2.53,4.25,3,4,11,8,1,2,4309.02,0.0257489,2,0.0588402,0.0573621,0.1006929,98200,4,40585,20,-0.0512933,-0.3011051,11.49476,10.61115,8.368465,0,0,1,0
0.97,0.84,0.91,4.25,4,3,18,35,0.97,0.86,0.91,4.25,3,3,18,23.5,0,1,4309.02,0.0257489,2,0.0588402,0.0573621,0.1006929,98200,4,40585,20,-0.0304592,-0.1743534,11.49476,10.61115,8.368465,0,1,0,0
0.97,0.86,0.89,4.75,4,3,17,18.5,0.97,0.84,0.86,4.5,2,3,17,33.5,0,1,4309.02,0.0257489,2,0.0588402,0.0573621,0.1006929,98200,4,40585,20,-0.0304592,-0.1508229,11.49476,10.61115,8.368465,0,1,0,0
1.02,0.89,0.9,4.5,3,3,15,29,1.02,0.94,0.9,4.5,3,3,15,18,0,1,452.4,0.0080905,2,0.0010225,0.0251025,0.0713246,118700,2,37477,3,0.0198026,-0.1165338,11.68435,10.53148,6.114567,0,1,0,0